A PLANILHA NÃO ESTÁ EM ORDEM - DE UM CTRL+F E BUSQUE A CENA COM BASE NO JOGO,,,,,,,,Rota,Scripts Revisados/Total,Progresso%
Título da Cena (Traduzido),SCRIPT,REVISORES,Estado,ROTA,Testado Por,OBS,,Prólogo,3 / 3,"100,00%"
31 de Janeiro,1jftmqc2rr04kclvl0ql71s2ef.epk_dec,PH,Revisado,Prólogo,,,,Dias 1-2,28 / 28,"100,00%"
1 de Fevereiro,2nnosrme1uthcrkbgud6on3r3i.epk_dec,PH,Revisado,Prólogo,,,,% FATE Revisado,200 / 200,"100,0%"
2 de Fevereiro,47o0j3g2jnrgpabg9c4027vmce.epk_dec,PH,Revisado,Prólogo,Eii_izumi,,,% UBW Revisado,90 / 203,"44,3%"
Dia 1: Lembrando de dez anos atrás ~ Manhã / Renascimento,62435qem7s8hbbaniujhmoo0fj.epk_dec,daiso,Revisado,Dias 1-2,"MZwei, mrshirogami",,,% HF Revisado,5 / 290,"1,7%"
Dia 1: Tarefas matinais / Sakura Matou (I),1uikpvgv3l61nm6m05hnnqpsef.epk_dec,Cão,Revisado,Dias 1-2,"Cão, Hellise",,,TOTAL,326 / 724,"45,03%"
Dia 1: Treinamento matinal / Vista do dojo,3rvu39vs1ihvildc3qtidrfckr.epk_dec,daiso,Revisado,Dias 1-2,,,,,,
Dia 1: Escola ~ Após a escola / Vida cotidiana (I),4i54h3pr95n0bb4nrk1pmc6ngu.epk_dec,daiso,Revisado,Dias 1-2,,,,,,
Dia 1: Após a escola / Fora da sua liga,3e4unvsprj0cpl5sgj3reuu0vo.epk_dec,Cão,Revisado,Dias 1-2,,,,,,
Dia 1: Após a escola / Brownie,69ts7lj7s4g0lpm4df1u8rb3i2.epk_dec,Cão,Revisado,Dias 1-2,,,,,,
Dia 1: Café da manhã / Manhã na casa Emiya,6lns58hod04sdc40qlubg2ad5t.epk_dec,daiso,Revisado,Dias 1-2,,,,,,
Dia 1: Retorno para casa à noite / Garota pálida,5iam3ug6tq42o2h3snsohouumg.epk_dec,Cão,Revisado,Dias 1-2,,,,,,
Dia 1: Após o jantar / Bom trabalho hoje.,6c6qs29t87drp40a9be1fcq1ug.epk_dec,Cão,Revisado,Dias 1-2,,,,,,
Dia 1: Noite / O Ataque dos Mandarins,7ets55u5v8bvll7ant9bq1opav.epk_dec,Cão,Revisado,Dias 1-2,,,,,,
Dia 1: Noite / Bom trabalho mais uma vez.,6oudmj4v5ma7jc74j6v9ejpch4.epk_dec,Cão,Revisado,Dias 1-2,,,,,,
Dia 1: Noite / Levando Sakura para casa: iniciante,4lb6gr19tncreemam2k4qv6nuv.epk_dec,Cão,Revisado,Dias 1-2,,,,,,
Dia 1: Noite / Levando Sakura para casa: especialista,5u1r45n0199cm4gv2qiq1iql92.epk_dec,Cão,Revisado,Dias 1-2,,,,,,
Dia 1: Sono / Treinamento (Circuito Mágico),1ukecjrv1801c7m63232aulq3f.epk_dec,Cão,Revisado,Dias 1-2,,,,,,
Dia 2: Acordando / Manhã na casa Emiya,030db480772r7shf0167ph98h8.epk_dec,PH,Revisado,Dias 1-2,,,,,,
Dia 2: Jantar / Romance Magical Ranger Force,6klti1g0reolpic08kbb1uccho.epk_dec,PH,Revisado,Dias 1-2,,,,,,
Dia 2: Preparando café com a Sakura / Agouro,11hdii7fsa5r9ic6pekbovdegm.epk_dec,Cão,Revisado,Dias 1-2,,,,,,
Dia 2: Após a escola ~ Trabalho / Rin Tohsaka (I),5ao3qg39em0a0cm7ll8drrct1n.epk_dec,Cão,Revisado,Dias 1-2,,,,,,
Dia 2: Manhã / Cenário do dojo,1jkfv4a3pc7o7ko4cgd5tc714d.epk_dec,PH,Revisado,Dias 1-2,,,,,,
Dia 2: Manhã / Cenário do dojo,77op0ve72afnbpb8mvghahks2i.epk_dec,Cão,Revisado,Dias 1-2,,,,,,
Dia 2: Escola / Vida cotidiana (II),1ftgb6hqang9g8moo0g0786mcj.epk_dec,PH,Revisado,Dias 1-2,,,,,,
Dia 2: Após a escola ~ Trabalho / Rin Tohsaka (I),6q1e4ga184eom0achiu9krf90l.epk_dec,PH,Revisado,Dias 1-2,,,,,,
Dia 2: Após a escola / Decisão,37u3mpb3lgsqe5lm168ibrt5s7.epk_dec,PH,Revisado,Dias 1-2,,,,,,
Dia 2: Após a escola / Sala da Sakura / Sakura Matou (II),138ikjv3t2tv28gr5fsa1qstgb.epk_dec,Cão,Revisado,Dias 1-2,,,,,,
Dia 2: Acordando / Pequena mudança,7cac09c68p0g5fff4afts03l7p.epk_dec,Cão,Revisado,Dias 1-2,,,,,,
Dia 2: Noite ~ Casa Matou / Avô,08tnnb4fc55hmorah3tjdj8m95.epk_dec,Cão,Revisado,Dias 1-2,,,,,,
Dia 2: Café da manhã / Manhã na casa Emiya,7ai649vkk8km32t0mfqkhodfcp.epk_dec,PH,Revisado,Dias 1-2,,,,,,
Dia 2: Após a escola / Pipeline,59dg2fqvjj9jjmmvuej9hsem3k.epk_dec,PH,Revisado,Dias 1-2,,,,,,
Invocando Saber. VS Lancer / Signo prometido,3ardfarlgkdrslptfu39k64c4q.epk_dec,PH,Revisado,FATE,Eii_izumi,,,,,
Dia 3: Após a escola ~ Noite / Noite do destino,1bqbk1v7ce8ltt89m7c6i5tv1o.epk_dec,PH,Revisado,FATE,Eii_izumi,,,,,
Dia 3: Igreja de Kotomine / Alter ego,5r0qi569ulguidjendct1geeui.epk_dec,PH,Revisado,FATE,,,,,,
Dia 3: Noite / Floresta sem retorno,71ll328srdakbvmk0icckuo7pn.epk_dec,Cão,Revisado,FATE,,,,,,
O inimigo mais forte,7lkkp5kbllusgl1ghs33i864io.epk_dec,Cão,Revisado,FATE,,,,,,
Dia 3: Noite profunda / Cesta de canário dourada,6gf5nb2l505pilfnlnj0f7iinf.epk_dec,Cão,Revisado,FATE,,,,,,
Dia 3: Por fim / Distorção (I),64btf88gjutmnrr895norge2fv.epk_dec,PH,Revisado,FATE,,,,,,
Dia 3: Acordando ~ Manhã / Algo queimado,2tksagk80rikj4qa7suntd3637.epk_dec,PH,Revisado,FATE,,,,,,
Dia 3: Manhã ~ Trajeto para a escola / Hematoma não natural,0g50bs8fiu3fsomgs932g6kacb.epk_dec,PH,Revisado,FATE,,,,,,
Dia 3: Manhã ~ Trajeto para a escola / Hematoma piorando,6u9jr4u5659tm5611ljatk48e3.epk_dec,PH,Revisado,FATE,,,,,,
Tiger Dojo 1,6qerdd0lej0jnaun19glo7k7tv.epk_dec,Cão,Revisado,FATE,,,,,,
Dia 3: Interlúdio / Verme abissal,1kre6v8h1nqu2367t1isvlhg3u.epk_dec,PH,Revisado,FATE,,,,,,
Dia 3: Noite ~ Retorno para casa / Mais uma vez,0sq677nj9g2ecr73iu5bl04b89.epk_dec,PH,Revisado,FATE,,,,,,
Dia 3: Aula de Mestre / Rin Tohsaka (II),1u0r0il922brt5obs1fbjh4vjc.epk_dec,PH,Revisado,FATE,,,,,,
Dia 3: Igreja de Kotomine / Determinação.,157gputvlue0nlaavjgoj2b2d6.epk_dec,Cão,Revisado,FATE,,,,,,
Tiger Dojo 2,0b350brgb8c8pcrjt7cbf0c8qh.epk_dec,PH,Revisado,FATE,,,,,,
Dia 4: Acordando ~ Meu quarto / Princípio de comportamento ~ Rin Tohsaka (III),58dv44lmff5q3dpppo0b7m8321.epk_dec,PH,Revisado,FATE,,,,,,
Dia 4: Pergunta da Rin / Entendendo a situação,52mnka8d5f82u9d0ivp8ah7pob.epk_dec,PH,Revisado,FATE,,,,,,
Dia 4: Pergunta da Rin / Conversa séria,2ismqb2mflbv9ci88imeh44msr.epk_dec,daiso / Eii_izumi,Revisado,FATE,PH,,,,,
Dia 4: Pergunta da Rin / Convite recusado,5q6787dnnv6nko6d403nkvnn8c.epk_dec,PH,Revisado,FATE,,,,,,
Dia 4: Manhã / Proposta da Rin,5mna4usa6r99aa70n8l488dr89.epk_dec,PH,Revisado,FATE,,,,,,
Dia 4: Meio da manhã / Solo & only,3imhbf1kb50sj60csm646mak08.epk_dec,Cão,Revisado,FATE,,,,,,
Dia 4: Antes do meio-dia / Saber (I),1vo0hijn87c4534s2hh7qvs2qe.epk_dec,daiso,Revisado,FATE,,,,,,
Dia 4: Sem necessidade de preocupação,2e02t341sm324o84kafh7b7gc8.epk_dec,daiso,Revisado,FATE,,,,,,
Dia 4: Tarde / Circunstâncias da Saber,2qa1r3qo8e5n14jb9tpqjql58n.epk_dec,Cão,Revisado,FATE,,,,,,
Dia 4: Vestido engraçado,7q1jls042pnee7i1pctnbjet0c.epk_dec,daiso,Revisado,FATE,,,,,,
Dia 4: Tarde / Circunstâncias da Saber,69cfp44j9jf95vg7bbit7cf0u6.epk_dec,Cão,Revisado,FATE,,,,,,
"Dia 4: Jantar / Saber e Rin, dando-se bem",0vdpubqvvfvd4dtiqsaq2rg2n5.epk_dec,daiso,Revisado,FATE,,,,,,
Dia 4: Noite / Sou inadequado para ser um Mestre?,6s8jlfiijbhs50ntk8uk0i1b9g.epk_dec,daiso,Revisado,FATE,,,,,,
Dia 4: Sono ~ Galpão / Estrela na névoa,35stdkivnec2h5ho4sp55ramq6.epk_dec,daiso,Revisado,FATE,,,,,,
Dia 4: Manhã / Pacto selado,6a676ft0kedc2c4pn4vkuid198.epk_dec,Nori,Revisado,FATE,,,,,,
Dia 5: Manhã / Rosa e hortênsia,508reolkb8b0qksmsskpbj87s4.epk_dec,Nori,Revisado,FATE,,,,,,
Dia 5: Café da manhã ~ Trajeto escolar / Waku Waku Fuji-nee Land ~ Irmãos Matou,4sbegb77shrm9k7dujvseaa333.epk_dec,PH,Revisado,FATE,,,,,,
Dia 5: Intervalo de almoço / Decisão,27tucr652tt5g2tv9vko27jogr.epk_dec,PH,Revisado,FATE,,,,,,
Dia 5: Intervalo de almoço / Rin Tohsaka (IV),4tp9rrch4ovp9iomrac09s5v7e.epk_dec,PH,Revisado,FATE,,,,,,
Dia 5: Intervalo de almoço / Sakura Matou (III) ~ Deus demônio em fúria,3o0hrclfi29q22mk6bq4houfci.epk_dec,PH,Revisado,FATE,,,,,,
Dia 5: Saindo da escola ~ Tarde / Pergunta para a Saber,3atkmfrvgvk9gtp7q9non897t5.epk_dec,daiso,Revisado,FATE,,,,,,
Dia 5: Pergunta / Sobrevivente,10acpunlceu6uiautm8s4s9nui.epk_dec,daiso,Revisado,FATE,,,,,,
Dia 5: Pergunta / Desconhecido,5doa5m482lmtmf4ve6lp717atr.epk_dec,daiso,Revisado,FATE,,,,,,
Dia 5: Pergunta / Vella Gulf,7q10c645m0iguf1fpntnkuc1f4.epk_dec,daiso,Revisado,FATE,,,,,,
Dia 5: Jantar / Junto com você também,7va164vv4udde831ph75pl5bcv.epk_dec,daiso,Revisado,FATE,,,,,,
Dia 5: Jantar ~ Sono / Confronto: Leão VS Tigre,3rt8dvahc3ntis0om2tfmngtsq.epk_dec,daiso,Revisado,FATE,,,,,,
Dia 6: Escola ~ Casa Matou / O quarto Mestre,73t163is45l04ek8n32qe5gkmt.epk_dec,PH,Revisado,FATE,,,,,,
"Dia 6: Convite de Shinji, desentendimento / Decisão",4l9el9qh7vsj1v06ed3qabo2ki.epk_dec,Cão,Revisado,FATE,,,,,,
Dia 6: Retorno à casa Matou / Dama de ferro,21mem66itap4n8r3uj4gppkisr.epk_dec,PH,Revisado,FATE,,,,,,
Dia 6: Retorno à casa Matou / Sem contato visual,02ujl0j2irsegf4a9uapiufdtp.epk_dec,PH,Revisado,FATE,,,,,,
Dia 6: Noite / Reunião estratégica. Devemos atacar o Templo Ryudou?,557f3v62v7a2k68rcldo2tbru3.epk_dec,daiso,Revisado,FATE,,,,,,
Dia 6: Noite profunda ~ Templo Ryudou / Ariadne desaparecida,2nhma8mqvbeq28ovu2lbsfg638.epk_dec,PH,Revisado,FATE,,,,,,
Dia 6: Noite / Discórdia,7v28p2kdcceap968mv0bnj2iqt.epk_dec,daiso,Revisado,FATE,,,,,,
Interlúdio / Elegância ao luar ~ VS Assassin,488g60ch77d0b9b0ro57uqvvga.epk_dec,daiso,Revisado,FATE,Rin Tohsaka Flamenguista,,,,,
Dia 6: Noite profunda / Saber está ausente,1s86jp2hh50gfjc800p173gkbl.epk_dec,daiso,Revisado,FATE,,,,,,
Dia 6: Retorno ~ Contrato / Garoto conhece garota (I),1skc3522sbb2rrftrr5sngehch.epk_dec,daiso,Revisado,FATE,Unknown11 / Rin Tohsaka Flamenguista / PH,,,,,
Dia 6: Café da manhã ~ Trajeto escolar / Manhã na casa Emiya: arco do festival,144abqfus03tm5vltk6vuabtno.epk_dec,PH,Revisado,FATE,,,,,,
Dia 6: Chegada em casa ~ jantar / Todos se dão bem,5u20ah3m19rbcflbca52sj6jn3.epk_dec,daiso,Revisado,FATE,,,,,,
Interlúdio / Espada mágica ~ VS Assassin 2,62febielgq5sj29s5gh1ok4gg0.epk_dec,daiso,Revisado,FATE,,,,,,
Tiger Dojo 3,22n6as4spf2genb27vg36poovu.epk_dec,daiso,Revisado,FATE,,,,,,
Dia 7: Acordando ~ Manhã / Herói da justiça e um café da manhã típico,2vcub3n06rb7ltbsceorume7qp.epk_dec,daiso,Revisado,FATE,Rin Flamenguista,,,,,
Dia 7: Após o jantar / Aula de Magia (Brasões Mágicos),4de4shp330vlsok6mn5tal3j4m.epk_dec,daiso,Revisado,FATE,Rin Flamenguista,,,,,
Dia 7: Treinamento matinal de espada / Guarda-vidas,1k66v5tu93pujon1rvc3t50fi2.epk_dec,daiso / Unknown11,Revisado,FATE,"Unknown11, Rin Flamenguista",,,,,
Dia 7: Noite profunda ~ Sono / Alguém diferente,11sqgphpk95paf3853fu333k05.epk_dec,daiso,Revisado,FATE,,,,,,
Dia 7: Falar com Saber / Enchendo o Graal,2tnfd8hgga199rp82mj834snmi.epk_dec,daiso,Revisado,FATE,,,,,,
Dia 7: Falar com Saber / Épico heroico,0e08tuof9r77dsbvk5sa61l1sm.epk_dec,daiso / Eii_Izumi,Revisado,FATE,,,,,,
Dia 7: Falar com Saber / Srta. Saber está indignada,0gi0jud1o1od9ei25fqqju22ae.epk_dec,daiso,Revisado,FATE,,,,,,
Dia 7: Meio-dia / Garota de inverno ~ Illya (I),6gblo7vrs52tlljotnm57ngob5.epk_dec,daiso,Revisado,FATE,Rin Flamenguista,,,,,
"Dia 7: Voltando para casa ~ Antes do jantar / O incidente do Shirou espião, pt. 1",6elmh7n4fncd01907ofb92c5c2.epk_dec,daiso,Revisado,FATE,,,,,,
Dia 8: Manhã ~ Treinamento de espada / Guarda-vidas e seguro,5edp6f6tsoe3edjf9vsg7c2b5h.epk_dec,daiso,Revisado,FATE,,,,,,
Dia 8: Falar com Saber / Épico heroico,3fgcjek0q0msfund71pnu4rfu3.epk_dec,daiso,Revisado,FATE,,,,,,
Dia 8: Falar com Saber / Srta. Saber está indignada,2kggu1ufjj3tchi0lmbkjn6qn8.epk_dec,daiso,Revisado,FATE,,,,,,
Dia 8: Falar com Saber / Enchendo o Graal,4bokk1ihog3oebleml4pibf7nl.epk_dec,daiso,Revisado,FATE,,,,,,
Dia 8: Falar com Saber / Srta. Saber está indignada,2olq1f4kf5tc33t7ecfnopncus.epk_dec,daiso,Revisado,FATE,,,,,,
Dia 8: Falar com Saber / Enchendo o Graal,48g48juj7a8u46jacbs8tfh755.epk_dec,daiso,Revisado,FATE,,,,,,
Dia 8: Falar com Saber / Épico heroico,0f3b79q26d1de6ke6bu0jcjqbs.epk_dec,daiso,Revisado,FATE,,,,,,
Dia 8: Meio-dia / Distrito comercial,5mon6qt6t7illequf4en61uf58.epk_dec,daiso,Revisado,FATE,,,,,,
"Dia 8: Almoço / Saber, a garota do campo",211el0gbe11qi3h5l2avbdj2fs.epk_dec,daiso,Revisado,FATE,,,,,,
Dia 8: Meio-dia / Garota de inverno ~ Illya (II),2dmgk9mivuagkfaug5lhgoee7c.epk_dec,daiso,Revisado,FATE,,,,,,
Dia 8: Antes do jantar / Decisão,1t68crudqf9dmuqruqv7v4ot5d.epk_dec,daiso,Revisado,FATE,,,,,,
Dia 8: Tarde / Leão Engraçado,348afkf0d4b6gkn71ao9qpk4vs.epk_dec,daiso,Revisado,FATE,,,,,,
Dia 8: Tarde / Monstro Orange Pekoe,0hpjmuc242ahi6kkakkfenmge9.epk_dec,daiso,Revisado,FATE,,,,,,
Dia 8: Tarde / Banho dourado,52g9c68lqnqf2p3dmp528dbl0h.epk_dec ,daiso,Revisado,FATE,,,,,,
"Dia 8: Noite / Rin, a briguenta",3d348jch0q0gqv79he2rkeksm0.epk_dec,daiso,Revisado,FATE,,,,,,
Dia 8: Noite / Aula de Magia (interruptores),0mbrg951a782nhegghbd1019i1.epk_dec,daiso,Revisado,FATE,,,,,,
Dia 8: Tarde / Tipos de sorrisos,18qgj2nio3pesuidsceae93fj3.epk_dec,daiso,Revisado,FATE,Rin Flamenguista,TESTAR NOVAMENTE,,,,
Dia 9: Manhã ~ Tarde / Treino de espada ~ Lição da Rin,39bcr30j5gkjcum3dcl52j9b85.epk_dec,PH,Revisado,FATE,Eii_Izumi,,,,,
"Dia 9: Digressão / ""Trabalhos""",4gdgba5pko4fnsmsvr4jcrobj8.epk_dec,PH,Revisado,FATE,Eii_Izumi,,,,,
Dia 9: Tarde / Let's Hachiko,37j96li8fla3kr2gghkqkt0oe5.epk_dec,PH,Revisado,FATE,Eii_Izumi,,,,,
Dia 9: Tarde / Bloodfort Andromeda ~ VS Rider (I),3dmvu3i83qrkpbkd1omi6n2kkm.epk_dec,PH,Revisado,FATE,Eii_Izumi,,,,,
VS Rider (I) / Ataque,0afvs6roqlmjp7dpioai0ffq84.epk_dec,PH,Revisado,FATE,Eii_Izumi,,,,,
VS Rider (I) / Defesa,36cat715ndfkabej73tnqlqu4h.epk_dec,PH,Revisado,FATE,Eii_Izumi,,,,,
VS Rider (I) / Faíscas,1m0mlg2njueuhkss465ll6p11g.epk_dec,PH,Revisado,FATE,Eii_Izumi,,,,,
VS Rider (I) / Melty blood,4opjkvf7stvd5v0lf8jcnqjmln.epk_dec,Cão,Revisado,FATE,Eii_Izumi,,,,,
"VS Rider (I) / Caia, sua mente",57j2p4cse302ma56rg5rkb8mf4.epk_dec,daiso,Revisado,FATE,Eii_Izumi / daiso,,,,,
VS Rider (I) / Invocando Saber,24hkmfva0v5ahk1jbsndrqoumc.epk_dec,daiso / Cão,Revisado,FATE,Eii_Izumi / Mushie,,,,,
VS Rider (I) / Invocação e resgate,28pvthmpmpl17uaut1dd0ln0nd.epk_dec,daiso,Revisado,FATE,Eii_Izumi,,,,,
VS Rider (I) / Guarda-chuva Rafflesia,32lr0e6l4jldl164nhg3t1b0s5.epk_dec,daiso,Revisado,FATE,Eii_Izumi / daiso,,,,,
VS Rider (I) / Trem maluco,51bfi5cjtc6tric6r4aqmu0b6b.epk_dec,daiso,Revisado,FATE,Eii_Izumi / daiso,,,,,
Dia 9: Noite / Garoto conhece garota (II),7nm542537l3nje2uhq8ahj8cjg.epk_dec,daiso,Revisado,FATE,Eii_Izumi / daiso,,,,,
Dia 9: Levantando ~ Café da manhã / Mesa de jantar devorada,7ueu6nts7gvipg4phtv5k8tb9j.epk_dec,PH,Revisado,FATE,Eii_Izumi,,,,,
Tiger Dojo 4,7gg0rnoi72ao1ju5plgb3hn0f1.epk_dec,Cão,Revisado,FATE,Eii_Izumi,,,,,
Tiger Dojo 5,2ruj47qc9fjt97i4eltlu6ai1s.epk_dec,Cão,Revisado,FATE,Eii_Izumi,,,,,
Dia 10: Levantando ~ Manhã / Reunião estratégica,6a8fm4rkdol37j32uhubbedqi6.epk_dec,Cão,Revisado,FATE,Eii_Izumi,,,,,
VS Rider (II) / Circo da Morte,6v67is7lju1hj0g2of4pl0emre.epk_dec,Cão,Revisado,FATE,Eii_Izumi,,,,,
VS Rider (II) / Assalto,7ik50lqgvi81gajuk6mndh5jck.epk_dec,Cão,Revisado,FATE,Eii_Izumi,,,,,
Dia 10: Manhã / O Quebra-Nozes,2t6g04je7bq4nd5vu1qpnsni1m.epk_dec,Cão,Revisado,FATE,Eii_Izumi,,,,,
VS Rider (II) / Espada da Vitória Prometida,0kk66ettmucd5p7npkn2f0f05u.epk_dec,Cão,Revisado,FATE,Eii_Izumi,,,,,
Dia 10: Noite / Sinais de uma tragédia,6vq3ajhgdd0v33d9162p2hhdct.epk_dec,Cão,Revisado,FATE,Eii_Izumi,,,,,
Dia 10: Noite / Garoto conhece garota (III),59p95lcb9oc3jmhiqse9m8puon.epk_dec,Cão,Revisado,FATE,Eii_Izumi,,,,,
Dia 10: Sono / O preço da vitória,1l6nnqjps7qibufin3h98empv5.epk_dec,PH,Revisado,FATE,Eii_Izumi,,,,,
Dia 10: Tarde ~ Relembrando 10 anos atrás / Retrato,491st5k67fsbg1e23gpv0vu3k7.epk_dec,Cão,Revisado,FATE,Eii_Izumi,,,,,
Tiger Dojo 6,12ks4bg6vo07f905dk1iks78q0.epk_dec,PH,Revisado,FATE,Eii_Izumi,"Alguns trocadilhos aqui, deixei anotado as alterações lá no #fate.",,,,
Dia 11: Levantando ~ Saindo / Memórias de um rei ~ Arrependimentos,7odsksmfi9im2tqeahlgbo1bpa.epk_dec,daiso,Revisado,FATE,Eii_Izumi,,,,,
Dia 11: Manhã no parque / Olhos brancos amaldiçoados ~ Illya (III),3vgd024mdepibh3aip14pin5ru.epk_dec,Cão,Revisado,FATE,Eii_Izumi,,,,,
Dia 11: Castelo Einzbern / Dress of Heaven,73lrubv3ljlll0af75gb70a174.epk_dec,Cão,Revisado,FATE,Eii_Izumi,,,,,
Tiger Dojo 7,5tpn82kh3la3sp888f9ju9a23k.epk_dec,Cão,Revisado,FATE,Eii_Izumi,,,,,
Dia 11: Castelo Einzbern / Rejeição e fuga,02o63gtfl335glpijq3u917fuk.epk_dec,Cão,Revisado,FATE,Eii_Izumi,,,,,
Dia 11: Castelo Einzbern / Resistência débil,3coldsr5s0mt1bniqt8mcshk54.epk_dec,daiso / Eii_Izumi,Revisado,FATE,Eii_Izumi / daiso,,,,,
Dia 11: Castelo Einzbern / Encontrar uma saída,0k336grsvvaqaac672qp2t0kv7.epk_dec,daiso,Revisado,FATE,Eii_Izumi / daiso,,,,,
Dia 11: Castelo Einzbern / Assassinato na sala de bonecas,0one53eol4ufhri8oah5bd91dp.epk_dec,daiso,Revisado,FATE,Eii_Izumi / daiso,,,,,
Dia 11: Lobby do Castelo Einzbern / Costas distantes,35793dsk7e1rbv4o59j9qvtnem.epk_dec,daiso,Revisado,FATE,Eii_Izumi / daiso,,,,,
Dia 11: Ruínas na floresta / Núcleo de Dragão,6vjionv0flvouodfo12fb9nl1g.epk_dec,PH,Revisado,FATE,Eii_Izumi,Cão estava testando RubyText - deu certo?,,,,
Dia 11: Fuga do Castelo Einzbern / Voo,32rra5fuait4i63akmh2de3f37.epk_dec,daiso,Revisado,FATE,Eii_Izumi,,,,,
Interlúdio: Archer e Berserker / Dia 11: Amanhecer nas ruínas,2cj8k3rpdldm4qbss46468he9m.epk_dec,daiso / Eii_Izumi,Revisado,FATE,Eii_Izumi,,,,,
Manhã nas ruínas / Garoto conhece garota (IV),7r0ln6biimd8h987nh7u7v3j3f.epk_dec,daiso,Revisado,FATE,Eii_Izumi,,,,,
Manhã nas ruínas / Corrida do ouro?,30un3fkqflonq74m3lfu10ggdf.epk_dec,daiso / Eii_Izumi,Revisado,FATE,Eii_Izumi,,,,,
VS Berserker / Revivendo um mito,3o32trk40jtrqf4ck0fk3cas88.epk_dec,Cão,Revisado,FATE,Eii_Izumi,,,,,
VS Berserker / Resistência débil,5878pd8ogpq9i44181ml24e2se.epk_dec,daiso,Revisado,FATE,Eii_Izumi,,,,,
VS Berserker / Encontrando uma forma de sobreviver,0qdv2gqnp5u11sn79cu6tafvsm.epk_dec,daiso,Revisado,FATE,Eii_Izumi,,,,,
VS Berserker / Doze Trabalhos,0s0bmiqmf930leujv5nguvkqdt.epk_dec,daiso,Revisado,FATE,Eii_Izumi,,,,,
VS Berserker / Uma noite sem amanhecer,0tfisfjjl55a7bor2hecdk8aeu.epk_dec,daiso,Revisado,FATE,Eii_Izumi,,,,,
"VS Berserker / E assim eu rezo, Unlimited Blade Works.",73kp2m78ujgqfofd30jos2dd2t.epk_dec,daiso,Revisado,FATE,Eii_Izumi,,,,,
Tiger Dojo 8,4t50afuji8i1s7pmjh97769vb5.epk_dec,daiso,Revisado,FATE,Eii_Izumi,,,,,
Dia 12: Café da manhã / Guerra do bife de hambúrguer,02c6u5b00fc06b24mqo999n0pi.epk_dec,daiso,Revisado,FATE,"Eii_Izumi, Rin Flamenguista",,,,,
Dia 12: Manhã / Saber emburrada,4lq6guugu36ns1buk2o51m7d4g.epk_dec,daiso,Revisado,FATE,Eii_Izumi,,,,,
Dia 12: Manhã / Illya emburrada,2qn083gfccum3n5an1f8f92gl2.epk_dec,Cão,Revisado,FATE,Eii_Izumi,,,,,
Dia 12: Antes do meio-dia ~ Meio-dia / Treino de espada ~ Saber está estranha,2n94jifsakcddae7mgav2jpsm7.epk_dec,daiso,Revisado,FATE,Eii_Izumi,,,,,
Hora do almoço / Concordar honestamente,4mtq6f79bu8kdirrm64s92uu3b.epk_dec,daiso,Revisado,FATE,Eii_Izumi,,,,,
Hora do almoço / Saber corada,7b04qhajrt93lh9pdu4d3du4ig.epk_dec,daiso,Revisado,FATE,Eii_Izumi,,,,,
Hora do almoço / Brave Leader Hungryheart,6abdt9c5tb362k0iqf4rgdfpac.epk_dec,daiso,Revisado,FATE,Eii_Izumi,,,,,
Dia 12: Tarde / Aula de Magia (licença provisória),7qkou2svetbv7fb2auta3c8ise.epk_dec,daiso,Revisado,FATE,Eii_Izumi,,,,,
Tudo sobre: Magia de Projeção,01a2fus65hfuuj70kkpo1o1a0a.epk_dec,daiso,Revisado,FATE,Eii_Izumi,,,,,
Tudo sobre: Você é resistente,0cb7h57dgejvrrsgv2606k7av9.epk_dec,daiso,Revisado,FATE,Eii_Izumi,,,,,
Tudo sobre: O silêncio aparentemente vale ouro,79iinrfaisab1qhm6qm1ibu9o8.epk_dec,daiso,Revisado,FATE,Eii_Izumi,,,,,
Dia 12: Quarto de hóspedes da Rin / Saber (II),4b0kq3hq0uhogej77f8tirhlhl.epk_dec,daiso,Revisado,FATE,Eii_Izumi,,,,,
Dia 12: Jantar ~ Vestiário / Incidente do espião: pego no flagra,08mq9bakt7mmrn4rvotasaa7u3.epk_dec,daiso,Revisado,FATE,Eii_Izumi,,,,,
Dia 12: Levantando ~ Manhã / Memórias de rei ~ Saber boba,58112n162ilolanisvir3utakh.epk_dec,daiso,Revisado,FATE,"Eii_Izumi, Rin Flamenguista",,,,,
Dia 12: Almoço / Hora do almoço,4uqh2ie92lkuvp7s1vf53tgs6o.epk_dec,daiso,Revisado,FATE,Eii_Izumi,,,,,
Dia 12: Noite ~ Sono / Saber (III),7eqlqvgm8v6vvu27a7l2ipgpa2.epk_dec,daiso,Revisado,FATE,Eii_Izumi,,,,,
"Dia 13: Noite, usando o Santo Graal / Saber (V) ~ VS Caster",4cfp26r9qcoqu10ktfufb7v4b5.epk_dec,PH,Revisado,FATE,Eii_Izumi,@Cão - consegue deixar as imagens desse script em PT-BR?,,,,
VS Caster / Walpurgisnacht,2htdp6j3g9mo3n3r57hb5iur8d.epk_dec,PH,Revisado,FATE,Eii_Izumi,,,,,
VS Caster / Combate corpo a corpo,2iv3sreh6tv24bb0gdl0t78aag.epk_dec,Cão,Revisado,FATE,Eii_Izumi,,,,,
Dia 13: Levantando / Memórias do rei,4vk1hol7lk2o0fls1h3qjvimdd.epk_dec,daiso,Revisado,FATE,Eii_Izumi,,,,,
VS Caster / Premonição,0111n1634u5vl2t65fvaorue36.epk_dec,Cão,Revisado,FATE,Eii_Izumi,,,,,
VS Caster / Walpurgisnacht,5dsr7k5csd7foru1mg798rei1b.epk_dec,Cão,Revisado,FATE,Eii_Izumi,,,,,
Dia 13: Treino de espada ~ Almoço / Saber (IV),027d4r0es60h51k4gmakbbdbnr.epk_dec,Cão,Revisado,FATE,Eii_Izumi,,,,,
"Dia 13: Noite, reunião / Dez anos atrás (I)",33q44m8n5jvvh03uk37jbcte8s.epk_dec,Cão,Revisado,FATE,Eii_Izumi,,,,,
VS Caster / Marca da bruxa,3a4gkqqmeq8lrr6lebkuk4jatk.epk_dec,Cão,Revisado,FATE,Eii_Izumi,,, ,,
VS Caster / O oitavo Servo,2d809uelccmk9lr5m48nld3fon.epk_dec,Cão,Revisado,FATE,Eii_Izumi,,,,,
Dia 13: Noite profunda ~ Para a igreja / Dez anos atrás (II),2bafd4sb0vb91rteu57fofdcrh.epk_dec,Cão,Revisado,FATE,Eii_Izumi,,,,,
Dia 13: Café da manhã / Doces,62u22b4mr137llpa121geqile9.epk_dec,Cão,Revisado,FATE,Eii_Izumi,,,,,
Dia 13: Tarde / O mal-entendido da Srta. Tohsaka ~ A contradição da Saber,368vpi14eop78cdltdo5brmvjr.epk_dec,Cão,Revisado,FATE,Eii_Izumi,,,,,
Dia 13: Noite profunda / You're My Only Star,3gbqnr1b1t6c103ae9fhdo3ddu.epk_dec,Cão,Revisado,FATE,Eii_Izumi,,,,,
Tiger Dojo 9,3mgoa882gb9bbqk30roftvpd9r.epk_dec,daiso,Revisado,FATE,Eii_Izumi,,,,,
Tiger Dojo 10,71eau95trtskcohp9dm020fr6l.epk_dec,daiso,Revisado,FATE,Eii_Izumi,,,,,
Encontro / O rei mais antigo,366qr9q06a8k73n2pm4rtrbab2.epk_dec,Cão,Revisado,FATE,Eii_Izumi,,,,,
VS Gilgamesh / O que eu quero proteger,6jb3au8r93hsr3mvfc861lvcol.epk_dec,daiso,Revisado,FATE,Eii_Izumi,,,,,
VS Gilgamesh / Uma conclusão,3tedsmus4rmngehgo21mth22g0.epk_dec,Cão,Revisado,FATE,Eii_Izumi,,,,,
VS Gilgamesh / Desejo,6lt8uoqnslkil2tkdvt9ocb3b8.epk_dec,daiso,Revisado,FATE,Eii_Izumi,,,,,
Dia 14: Manhã ~ encontro / Carrossel,1pbpvpgiap6mj3s4og7dr5lep9.epk_dec,daiso,Revisado,FATE,Eii_Izumi,,,,,
Dia 14: Encontro / Presente,6e0jivc5ko5cefurto2v0r208e.epk_dec,daiso,Revisado,FATE,Eii_Izumi,,,,,
Dia 14: Encontro / Garoto conhece garota (V),0qvnshea1t99sun2o3nn2f94kn.epk_dec,daiso,Revisado,FATE,Eii_Izumi,,,,,
Dia 14: Retorno para casa / Despedida na ponte,0ribu4ufjt58blqpvr58s7n3ud.epk_dec,daiso,Revisado,FATE,Eii_Izumi,,,,,
Dia 14: Noite ~ Para a cidade / Último Garoto Conhece Garota,66ins7d47vsu1151mn2jrqttj5.epk_dec,daiso,Revisado,FATE,Eii_Izumi,,,,,
"Dia 14: Noite, quarto / O que foi ganho",788q5u2n8optqujvjkljci5dk1.epk_dec,daiso,Revisado,FATE,Eii_Izumi,,,,,
Tiger Dojo 11,38tm0n8v242kkslnovn5fhhp0s.epk_dec,daiso,Revisado,FATE,Eii_Izumi,,,,,
Dia 15: Levantando ~ para a igreja / Escada em Espiral,1o2k1jd83tp95oioo4sgovlg11.epk_dec,Cão,Revisado,FATE,Eii_Izumi,,,,,
Dia 15: Manhã / Limite de Tempo,7cm5bi5sb775imqdarg4papbmr.epk_dec,PH,Revisado,FATE,Eii_Izumi,,,,,
"Dia 15: Porão da igreja / O preço da sobrevivência, acertando dívidas",3tm6uh8bnnjc6q4s70jti6krgc.epk_dec,Cão,Revisado,FATE,Eii_Izumi,,,,,
Dia 15: Porão da igreja / O que não pode mudar,0mouobbj25ptf2nifj6n1l1lo8.epk_dec,Cão,Revisado,FATE,Eii_Izumi,,,,,
Dia 15: Noite / Antes da batalha decisiva,2iu5bl7247fuen1e1jaca3io4i.epk_dec,daiso,Revisado,FATE,Eii_Izumi,Testar linha 39 novamente,,,,
Dia 15: Noite / Lição final,4v0o1u9fs9tbh3g86orhhd80ge.epk_dec,Cão,Revisado,FATE,Eii_Izumi,,,,,
Dia 15: Noite / Determinação,5j2dahc3vkkpsg7vughkt2kejj.epk_dec,daiso,Revisado,FATE,,,,,,
Dia 15: Dentro do galpão / Reunião estratégica,5lmh0vgg20fn469ebm97k1vtsr.epk_dec,daiso,Revisado,FATE,,,,,,
"Dia 15: Noite, galpão / Trunfo desconhecido",0oaetf5i3j58b5tphgnou968sh.epk_dec,daiso,Revisado,FATE,,,,,,
"Dia 15: Noite, galpão / Trunfo desconhecido",16n52sarojs4c2o201ud0ckl4b.epk_dec,daiso,Revisado,FATE,,,,,,
Dia 15: Noite / Devolvendo a Espada Sagrada,6d9dnqo7a04p3dfjflr0emoh4t.epk_dec,daiso,Revisado,FATE,,,,,,
Fate/stay night (I),36tp818cqc5i7q0qfcc4gsndaa.epk_dec,Cão,Revisado,FATE,,,,,,
Dia 15: Batalha decisiva / Completando o Santo Graal,6cnhoj4g4j9uab82gu4ju8u8qs.epk_dec,Cão,Revisado,FATE,,,,,,
Fate/stay night (II),7ona6325spqr5jg07tibrg91tk.epk_dec,daiso,Revisado,FATE,,,,,,
Dia 15: Retorno para casa ~ Rin / Decisão,4a84diq6244mgmcbe5uva8et23.epk_dec,daiso,Revisado,FATE,,,,,,
Pergunta / Assentir,0b45ppmi5v0q6560css64co4h4.epk_dec,daiso,Revisado,FATE,,,,,,
Pergunta / Perguntar,4ovipkdged26gvmmjv1hsiug51.epk_dec,daiso,Revisado,FATE,,,,,,
Separação dourada.,6gbi9gjqh44fpdfngfd5s31o8d.epk_dec,daiso / Cão,Revisado,FATE,,,,,,
"Interlúdio / Saber, para a igreja",6cj4du39m7ggc4lq9fde6rbseh.epk_dec,Cão,Revisado,FATE,,,,,,
Dia 15: Porão da igreja / Lágrimas silenciosas,71eftfam795ds7oi89fj2lf30t.epk_dec,Cão,Revisado,FATE,,,,,,
Interlúdio / Discórdia,59opvpus1pkluerf6lcrchtugo.epk_dec,daiso,Revisado,FATE,,,,,,
Dia 15: Igreja / Erro persistente,25499fnea4tbp86hih0i25mpkd.epk_dec,daiso,Revisado,FATE,,,,,,
Dia 15: Fuga ~ Cemitério estrangeiro / Estrela brilhante,4cg8tt0oeihas18v0uvktcui38.epk_dec,daiso,Revisado,FATE,,,,,,
Tiger Dojo 12,6ids2c6le4ubudnhguqm4j6lta.epk_dec,daiso,Revisado,FATE,,,,,,
Tiger Dojo 13,2bmbrfce730m9ct5eg9812i33l.epk_dec,daiso,Revisado,FATE,,,,,,
Tiger Dojo 14,2pr9ii3ef7n8jon1f2gui2eoqn.epk_dec,daiso,Revisado,FATE,,,,,,
Fate / True End,46hemeh77jjsiv82vkljdobkr7.epk_dec,daiso,Revisado,FATE,Eii_Izumi,,,,,
VS Berserker / Decisão,1r88m97dc9biv192332pkji9e9.epk_dec,Cão,Revisado,UBW,,,,,,
VS Berserker / Indo a algum lugar,1n13fjmaqd3dp46c9vsiqacbcp.epk_dec,Cão,Revisado,UBW,,,,,,
VS Berserker / Terceira morte,7mhfvdorohu13dt6691fkg6pad.epk_dec,Cão,Revisado,UBW,,,,,,
VS Berserker / Batalha equilibrada ~ Sniping do Archer,50vulvb44idqpoq57qt6ei6c4s.epk_dec,Cão,Revisado,UBW,,,,,,
VS Berserker / Terceira morte,16h7k2cacmpmadpvusp9og1fe4.epk_dec,Cão,Revisado,UBW,,,,,,
VS Berserker / Batalha equilibrada ~ Sniping do Archer,4n00ksvo1mps1mv291j0jj3rts.epk_dec,Cão,Revisado,UBW,,,,,,
VS Berserker / Chamando-a de volta,0cvfo51098cp2oi5lb2ci1v84o.epk_dec,Cão,Revisado,UBW,,,,,,
VS Berserker / Distorção (II),4dakclpipnl1ke41ilimutnphg.epk_dec,Cão,Revisado,UBW,,,,,,
Dia 3: Noite / Primeiro Selo de Comando,79f3soj4bb6nq4ddc0np679cj2.epk_dec,Cão,Revisado,UBW,,,,,,
Dia 3: Noite ~ Rin ~ Igreja / Registro de Mestre,4tct62k3ds9n93l6401esirdud.epk_dec,Cão,Revisado,UBW,,,,,,
Dia 3: Noite ~ Retorno ~ Illya / Outra noite ~ VS Berserker,6s8ka5momnb2mtsqic3j7q715e.epk_dec,Cão,Revisado,UBW,,,,,,
Tiger Dojo 15,45je314pgp0tvo12glp4ghvuk7.epk_dec,Cão,Revisado,UBW,,,,,,
Dia 4: Acordando ~ Meu quarto / Desentendimento com Rin ~ Saber,0uv9tt72cun1o0ffsjvb4cid29.epk_dec,Cão,Revisado,UBW,,,,,,
Conversa / Ponto cego ileso,10nkp3pjk7d6gqjcgvd8le8uad.epk_dec,Cão,Revisado,UBW,,,,,,
Conversa / Regeneração,5o9tn7a0dn1f29q1q22d5tetbd.epk_dec,Cão,Revisado,UBW,,,,,,
Dia 4: Tarde - escola / Assassinato por telefone Fuji,1a39d2jf8s4virm49prklnfmd4.epk_dec,Cão,Revisado,UBW,,,,,,
Dia 4: Estande de arco e flecha / Tiro em pé,2i1k3fv2npon7v1dt00ok644a5.epk_dec,Cão,Revisado,UBW,sophia,,,,,
Dia 4: Sala do conselho / Este fôlego,5i5s56lp5t0cm20h1sufh4t8pb.epk_dec,Cão,Revisado,UBW,sophia,,,,,
Dia 4: Tour pela escola / Não brinque com sua bainha,5vq34cnje0fpad32s2rbkrv21t.epk_dec,Cão,Revisado,UBW,,,,,,
Dia 4: Retorno ~ Jantar / Apresentando Saber aos outros ~ Aliança feminina?,5e6pdqfjp0ri85ppm52h9ee2ju.epk_dec,Cão,Revisado,UBW,,,,,,
"Dia 4: Noite ~ Sono / Treino, meditação",3bevba22do2rleco3ot51gjaa0.epk_dec,Cão,Revisado,UBW,,,,,,
Dia 4: Dojo ~ Telefone / Acerto da Saber ~ Erro ainda não visto,7fvd7tk3tpgau1hgijrs6a4hl7.epk_dec,Cão,Revisado,UBW,,,,,,
Dia 4: Sono / Treino de Magia,5skde1g25peemcnv2bqhu0ldc2.epk_dec,Cão,Revisado,UBW,,,,,,
Interlúdio / Rin Tohsaka (II),3t5c1bj4uiokrq20mfvht7k269.epk_dec,Cão,Revisado,UBW,,,,,,
Dia 5: Escola / O preço do orgulho,1gsinaebhtoejn17rhbfj9cl3n.epk_dec,Cão,Revisado,UBW,,,,,,
Dia 5: Manhã / Decisão.,14vbrsp3pjn09bnbf9enpovp18.epk_dec,PH,Revisado,UBW,,,,,,
Dia 5: Manhã / Verificar Saber,7v9ikb32oi6ms8dc4d87vfmbif.epk_dec,PH,Revisado,UBW,,,,,,
Dia 5: Manhã / Preparar café com a Sakura,7k3hmlaledrqopptl0bc8d0srl.epk_dec,PH,Revisado,UBW,sophia,,,,,
Dia 5: Manhã / O passeio selvagem da Fuji-nee,65pqb3eic601kmf385tekpdokf.epk_dec,PH,Revisado,UBW,sophia,,,,,
Dia 5: Após a escola / Rin Tohsaka (III),2v1jp75e8hhdvlitshro0fr37j.epk_dec,PH,Revisado,UBW,,,,,,
Dia 5: Após a escola / Textura,56uqepnu51qcphfvcu67837ge7.epk_dec,PH,Revisado,UBW,sophia,,,,,
VS Rin Tohsaka / Panic sonic coaster,1p8qa6klogv98otv9jlhfv5mu9.epk_dec,PH,Revisado,UBW,,"Ruby text, magecraft da Rin, linha 109 e 124 - mantido entre parênteses",,,,
Dia 5: Competição de encarar ~ Para o arvoredo / Pendurado ~ VS Rider,3n8cg9g6ta9kric5eggi4vr625.epk_dec,PH - próximo1,Revisando,UBW,,,,,,
VS Rider / Cativa da aranha,5ljhpim3b0j3b13008te1pm5n3.epk_dec,PH - próximo2,Revisando,UBW,sophia,,,,,
VS Rider / Contra-ataque,51a0ditkmus000jmr2an3kajgh.epk_dec,PH - próximo4,Revisando,UBW,sophia,,,,,
VS Rider / Luta difícil,3ralcednf361fl1g4b12vcnc3j.epk_dec,PH - próximo5,Revisando,UBW,,,,,,
Dia 5: Arvoredo ~ Casa Tohsaka / Cura da Rin,42dtll9nsgi7beamj0o7jvtout.epk_dec,Cão,Não Checado,UBW,sophia,,,,,
Dia 5: Quarto da Rin / Corpo com autorregeneração,6snicpim07p59va65gdsd86vl2.epk_dec,PH,Não Checado,UBW,,,,,,
Dia 5: Quarto da Rin / Totalmente curado,5ah25d82vs6j0tf3ht824jihir.epk_dec,PH,Não Checado,UBW,,,,,,
Dia 5: Noite / Dizer para a Saber que estou trabalhando com a Rin.,2chppr5n53atctrs0p8u0rnrl3.epk_dec,PH,Não Checado,UBW,,,,,,
Dia 5: Sono / Aviso,2d9kfnra4375sghasc5f5nc6b3.epk_dec,PH,Não Checado,UBW,,,,,,
Dia 5: Sono / Acordo,1o20poi1133qmnv0f6a1hgmhvj.epk_dec,PH,Não Checado,UBW,,,,,,
Dia 5: Sono ~ Trajeto escolar / Vida cotidiana (II),6jafnfgm9ohr6vek000snku7h9.epk_dec,PH,Revisado,UBW,,,,,,
"Dia 5: Manhã, escola / Rin Tohsaka, Ayako Mitsuzuri",5q1a5ua4a6o6bm9ggtgtopdfor.epk_dec,PH,Revisado,UBW,,,,,,
Dia 5: Quarto da Rin / Aliança formada,1anbn9aiupvu51mafievb6mnpi.epk_dec,PH,Não Checado,UBW,,,,,,
Dia 5: Retorno / Definição de herói,5otrp3b2esg96mq8itpk4l36uk.epk_dec,Cão,Revisado,UBW,,,,,,
Dia 5: Jantar / Jantar de hoje,0a8u9l3oaor9ro6v751ec0ue7b.epk_dec,PH,Não Checado,UBW,,,,,,
Tiger Dojo 16,3t8s300i6sef00qrlukaiek2sl.epk_dec,PH,Revisado,UBW,sophia,,,,,
Tiger Dojo 17,28j499h5jrbggjjmnjlkhbsauu.epk_dec,PH - próximo3,Revisando,UBW,sophia,,,,,
"Dia 6: Retorno, antes do jantar / O agachamento de 3 minutos da Fuji-nee",37687fu53hbcndoecdo9aot62h.epk_dec,Cão,Revisado,UBW,,,,,,
Dia 6: Antes do jantar / Tigela de okonomiyaki proibida,5t7o19717e1t8vf11igl8ed7sm.epk_dec,Cão,Revisado,UBW,sophia,,,,,
Dia 6: ~ Casa Matou / A família Matou,5s928u86ggmeed8mdmndth99nr.epk_dec,Cão,Revisado,UBW,,,,,,
Dia 6: ~ Dojo / Relatório de hoje,3s6uvuna36kedovnjrp3310fgq.epk_dec,Cão,Revisado,UBW,,,,,,
"Dia 6: Após o jantar, treino de espada / Tiger Dojo, capítulo extra",2s1kim5917l3gj80u669qscgmm.epk_dec,Cão,Revisado,UBW,,,,,,
"Dia 6: Após o jantar, treino de espada / Tempo de paz",64alt2uuvfqb841jd6fe2mljok.epk_dec,Cão,Revisado,UBW,sophia,,,,,
Dia 6: Noite profunda / Chamando,1jjnsg8shhpsp0blq0r3r8tep6.epk_dec,Cão,Revisado,UBW,,,,,,
Dia 6: Manhã ~ Escola / Shinji e Mitsuzuri,3aobiqeefbf15iqk8nl98ri212.epk_dec,Cão,Revisado,UBW,,,,,,
Dia 6: Após a escola / Busca por Campo Limitado,7blb2v6cuqb9nhirp8i0u1fqub.epk_dec,Cão,Revisado,UBW,,,,,,
Dia 6: Após a escola / Mestre identificado,5106hm6a9l99jkrsmbtn7veqou.epk_dec,Cão,Revisado,UBW,,,,,,
Dia 6: Terrenos do Templo Ryudou / Archer VS Caster,4mp1p2uuhaeoclcl727gf4gcs6.epk_dec,Cão,Revisado,UBW,,,,,,
"Dia 6: Terrenos do Templo Ryudou / Caia, sua mente",65r9rhvcns8prudsorhf5c0fh2.epk_dec,Cão,Revisado,UBW,,,,,,
Interlúdio / Uma história.,3irui9tiljmoa85t78uuhmcgu3.epk_dec,Cão,Revisado,UBW,,,,,,
Interlúdio / Saber VS Assassin,3rvuh6q6j7ngpcu8pi6ra8vq6d.epk_dec,Cão,Revisado,UBW,,,,,,
Dia 7: Escola ~ Intervalo / Sombra maligna rastejante,3m6u4pvqhdh17982d7rf4jo4lv.epk_dec,Cão,Revisado,UBW,,,,,,
Dia 7: Intervalo / Decisão sábia,3ou35us5i7hgc2m3n6bnl3ncrj.epk_dec,Cão,Revisado,UBW,,,,,,
Dia 7: Intervalo / Atirador de projéteis mágicos,5j1n3ucd7h09v71ujd1fanii67.epk_dec,Cão,Revisado,UBW,,,,,,
Dia 7: Intervalo / Atirador de projéteis mágicos,1bp6tr11udh426coto6i7obolh.epk_dec,Cão,Revisado,UBW,,,,,,
Dia 7: Ativação do Campo Limitado / Decisão,5s11doaikuidp9m7n04q8ombnd.epk_dec,Cão,Revisado,UBW,,,,,,
Dia 7: Blood Fort Andromeda / Aviso da Rin,59c004fgehkmimsecj5ibkc3ns.epk_dec,Cão,Revisado,UBW,,,,,,
Dia 7: Blood Fort Andromeda / Segundo Selo de Comando,49t29ti1b23p737ghvla9ta2rm.epk_dec,Cão,Revisado,UBW,,,,,,
Dia 7: Retorno ~ Sono / Pensamentos noturnos,4dp666q0nv16b1hk2mrmk3n3fl.epk_dec,Cão,Revisado,UBW,,,,,,
Dia 7: Blood Fort Andromeda / Morte da Rider,5tt3g1jl83l45vn0oc4ken39ku.epk_dec,Cão,Revisado,UBW,,,,,,
Dia 7: ~ Arvoredo / Discussão,0cjv3oqc7e4qot2na4i8ka3i16.epk_dec,Cão,Revisado,UBW,,,,,,
Dia 7: Manhã ~ Treino de espada / Saber está de mau humor,6lielogua3iejr6p8e9941jju3.epk_dec,Cão,Revisado,UBW,,,,,,
Dia 7: Telhado / Rin Tohsaka (IV),7u7uvtlb8ublq9kge0r15vafdb.epk_dec,Cão,Revisado,UBW,,,,,,
"Dia 8: Intervalo de almoço - Sala do conselho / Issei é inocente, mas...?",6ubskhcf0kkstp1iv74rgfsp5f.epk_dec,Cão,Revisado,UBW,,,,,,
Dia 8: Sala do conselho / Hypnos,68g1qu8phm64h2inqisluc7lfe.epk_dec,Cão,Revisado,UBW,,,,,,
Dia 8: Após a escola / Decisão.,6mch991url74rot1ba9e32lpss.epk_dec,Cão,Revisado,UBW,,,,,,
Dia 8: Após a escola ~ Casa Matou / Dupla suspeita,1g9fpdl7p1qclb0cj78gqq06vl.epk_dec,Cão,Revisado,UBW,sophia,,,,,
Dia 8: Após a escola ~ Retorno / Telefonema,6mooc9nmto4otcfk11nh9hjlbb.epk_dec,Cão,Revisado,UBW,sophia,,,,,
Dia 8: Após a escola ~ Distrito comercial / Empregada estranha,281p48prb6b53fsmmk4935f98v.epk_dec,Cão,Revisado,UBW,sophia,,,,,
Dia 8: Jantar ~ Sono / Motivo,599nlevuim91v49pf4p03g69bb.epk_dec,Cão,Revisado,UBW,,,,,,
Dia 8: Manhã ~ Trajeto escolar / Lady Rin está descontente,4ndbkab5kspnrbd6vd3aep11il.epk_dec,Cão,Revisado,UBW,,,,,,
Interlúdio / Uma história.,6dbfctm9783npokvtgen9ir6r4.epk_dec,Cão,Revisado,UBW,,,,,,
Dia 8: Sala do conselho / Não investigue,7jjqcm3320lrlpjrnufv5odu03.epk_dec,Cão,Revisado,UBW,,,,,,
Interlúdio / Abençoe este perdedor mais uma vez,0glo60e4f79o7bnnltpjdoo520.epk_dec,Cão,Revisado,UBW,,,,,,
Tiger Dojo 18,6btefg6ma53jc4qb5gqhbmmcm6.epk_dec,Cão,Revisado,UBW,sophia,,,,,
"Dia 9: Noite / Emboscada, execução",0gbnhvdui69n5ev5pp5nquj418.epk_dec,Cão,Revisado,UBW,,,,,,
Dia 9: Noite ~ Emboscada / Pare-a,654g2n488939q3k1c5cbv8m8m1.epk_dec,Cão,Revisado,UBW,sophia,,,,,
Dia 9: Noite ~ Emboscada / Observar,41qg2kloblism6294n2m6lrm4k.epk_dec,Cão,Revisado,UBW,,,,,,
Dia 9: Emboscada / Derrota,1bmblpmbttji0n44r7v3d5k08u.epk_dec,Cão,Revisado,UBW,,,,,,
Dia 9: Emboscada / Assassino,0kiigbvd5rj0ba7ljlih8l2802.epk_dec,Cão,Revisado,UBW,,,,,,
"Dia 9: Emboscada / Contra-ataque, Magia de Projeção",6agl712tbke9ht8j8lncs18nlf.epk_dec,Cão,Revisado,UBW,,,,,,
Interlúdio / O conto de um cavaleiro.,619a382okr2ip4ejiqop5pl5fp.epk_dec,Cão,Revisando,UBW,,,,,,
Dia 9: Manhã ~ Após a escola / Convidado do Templo Ryudou,50k4olj41fe0b8uth8tj0rt4qv.epk_dec,Cão,Revisando,UBW,,,,,,
Interlúdio / Cem movimentos da víbora,3u4s3r2ccksgl4vrcinpjc3gad.epk_dec,Cão,Revisando,UBW,,,,,,
Dia 9: Sono / Rebote,6jgpn15bj5ha24hi1be9jjn5cq.epk_dec,Cão,Revisando,UBW,,,,,,
Interlúdio / Descendente de Napishtim,5d8ta35ov48cakr53099mn4b7f.epk_dec,Cão,Revisando,UBW,,,,,,
Dia 9: Emboscada / Mestre da Caster,69e8hrnodmjrpa6u9r60lempm0.epk_dec,Cão,Revisando,UBW,,,,,,
"Dia 9: Noite ~ Interseção / Falha na operação, dúvidas da Rin",45pp3ne90eto6qqs3fht07vh03.epk_dec,Cão,Revisando,UBW,,,,,,
Tiger Dojo 19,16d1aci7ojncu47q5l6u240apd.epk_dec,,Não Checado,UBW,,,,,,
Dia 10: Antes do jantar / Fuji-nee VS Rin,6ckkp779o5uc57d6fas4rm6hnl.epk_dec,,Não Checado,UBW,,,,,,
Dia 10: Noite / Sobre Projeção,661br1dtell7khigl3k9ep1hbt.epk_dec,,Não Checado,UBW,,,,,,
Dia 10: Noite - dojo / Wild Wild England,3krugp61ua8dbggbr582hrebh8.epk_dec,,Não Checado,UBW,,,,,,
Dia 10: Noite - sala / De quem você gosta mais?,2k8vgolvkna8mcb1665j36fp15.epk_dec,Cão,Revisado,UBW,,,,,,
Dia 10: Noite - corredor / Rin Tohsaka (V) ~ Ferida do Shirou,6a1su184a1utsj6jcjsrlgn6rh.epk_dec,,Não Checado,UBW,,,,,,
Dia 10: Levantando ~ Escola ~ Retorno / Lado esquerdo dormente,7n50982nh5hhq0mp1t89v0bpqn.epk_dec,,Não Checado,UBW,,,,,,
Dia 10: Tarde / Rin contra-ataca!,67985306bqt0l5lukkgjpsjjff.epk_dec,,Não Checado,UBW,,,,,,
Dia 10: Sono ~ Galpão / Treino noturno ~ Aviso,5m7hk0knlka3lnp1dgapjrdo8f.epk_dec,,Não Checado,UBW,,,,,,
Dia 11: Início da manhã / O caso da fatia de pão desaparecida,3vbhlocbkb6p1e0f76032jorge.epk_dec,,Não Checado,UBW,,,,,,
Dia 11: Início da manhã - casa de hóspedes / Você é o culpado,69rn67nghbnqgp3enpnph1aamv.epk_dec,,Não Checado,UBW,,,,,,
Dia 11: Início da manhã ~ / A lenda mais rápida de Miyama,5osdu5e16drft7m9f7cjc54g0q.epk_dec,,Não Checado,UBW,,,,,,
Dia 11: Quarto de hóspedes da Rin / Bom dia?,6hgml9litnseig8du4ah553oak.epk_dec,,Não Checado,UBW,,,,,,
Dia 11: Shinto / Especial?,0pfo32ij6c1vio7nqt8mh060ub.epk_dec,,Não Checado,UBW,,,,,,
Dia 11: Cápsula / Névoa,0nqll9016nb58fofeb3bn1mq77.epk_dec,,Não Checado,UBW,sophia,,,,,
Rejeição / Distorção (III) ~ Rule Breaker,5lufa6gsf2417slk8roqa825d9.epk_dec,,Não Checado,UBW,,,,,,
Dia 11: Tarde - retorno / Ataque da Caster,2lj55cl8c4to2bbirrproti7mv.epk_dec,,Não Checado,UBW,,,,,,
Dia 11: ~ Para o distrito comercial / Acendendo o sinal de vida,56qfmbqdr2fhtasqbd3crscl2e.epk_dec,,Não Checado,UBW,,,,,,
Dia 11: Café da manhã / Pegando um criminoso,6gqs97vf5sos2afv5gsvcls8f4.epk_dec,,Não Checado,UBW,,,,,,
Dia 11: Manhã / Vamos em um encontro!,4h4ggnl2fabbkfhhut3u71d4gm.epk_dec,Cão,Revisado,UBW,,,,,,
Dia 11: Fugindo ~ Para a casa Tohsaka / Recuando da frente de batalha,76ra1am2aian0npb3m53es25g2.epk_dec,,Não Checado,UBW,,,,,,
Interlúdio / Trama da bruxa,0cjtb5fnsn4s0d076r6kerb809.epk_dec,,Não Checado,UBW,,,,,,
Dia 11: Retorno ~ Meu quarto / Um motivo para lutar,4dmrtftkef67c1tjimlqu25dt5.epk_dec,,Não Checado,UBW,,,,,,
Interlúdio / Rin Tohsaka (VI),05jpk6e9acl9kb4kql2eg0bdd5.epk_dec,,Não Checado,UBW,,,,,,
Dia 11: Noite - telhado do prédio / Distância,1le014b061djied9vi8h09egjc.epk_dec,,Não Checado,UBW,,,,,,
Tiger Dojo 20,3hbs0ibl9ra3ro6i1nnrve9fdn.epk_dec,,Não Checado,UBW,sophia,,,,,
Interlúdio / Cavaleiro cativo,0hrbp47rjqc7i1ub51gs22upl4.epk_dec,,Não Checado,UBW,sophia,,,,,
Dia 12: Para a batalha / Fonte de informação,4i9a86dpgfcf27462ogcrn8rj4.epk_dec,,Não Checado,UBW,sophia,,,,,
Dia 12: Para a batalha / Decisão,0h311lf4ptkl82eaj65768le13.epk_dec,,Não Checado,UBW,,,,,,
Dia 12: Para Shinto / Busca por isca,2vsdrl5dc1446pjqsvkn2d5sfo.epk_dec,,Não Checado,UBW,,,,,,
Dia 12: Igreja ~ Palma / Fantasma Nobre artificial,3hgslp65r5vonmmdfq939bks67.epk_dec,,Não Checado,UBW,,,,,,
Dia 12: Igreja / Má sorte,6napc11b9codv18mcngaapsknt.epk_dec,,Não Checado,UBW,sophia,,,,,
Dia 12: Noite ~ Porão da igreja / Rin confronta Caster,688j99u94qda7hm6s9mmgu2vbv.epk_dec,,Não Checado,UBW,,,,,,
Dia 12: Porão da igreja / Espada e feitiço,22b3ua6aq2r8m3e120notiedlk.epk_dec,,Não Checado,UBW,,,,,,
Dia 12: Confronto / Deserção,7396f589cadjjt10ephqanfbrm.epk_dec,,Não Checado,UBW,,,,,,
Dia 12: Confronto / Resistência corporal,7bdhd8iej8i00h3udj9ifi8e4s.epk_dec,,Não Checado,UBW,,,,,,
Dia 12: Confronto / Projeção desesperada ~ Sobrevivência,62e37bots5pdks3elfq4ni3l2o.epk_dec,,Não Checado,UBW,,,,,,
Dia 12: Igreja ~ Palma / Fantasma Nobre artificial,4tgfn90qsop1btlfnt8s6s9u9s.epk_dec,,Não Checado,UBW,,,,,,
Dia 12: Igreja ~ Palma / Fantasma Nobre artificial,7udca5vljhff924bb1dl905jnd.epk_dec,,Não Checado,UBW,,,,,,
Interlúdio / Unlimited...,1arrlbq5cpo1mnbc54vtqa2dqs.epk_dec,,Não Checado,UBW,,,,,,
"Dia 12: Noite, cemitério estrangeiro / Rin Tohsaka (VII)",6tgj9bv3cb7bmpo0hu8jiuebhb.epk_dec,,Não Checado,UBW,,,,,,
Dia 12: Retorno ~ Jantar / Um jantar quente,68ljsji0p71fpv3pouipdp6s84.epk_dec,,Não Checado,UBW,sophia,,,,,
"Dia 12: ~ Cochilo / Definindo uma direção, sono",1rbb2ukj53njsneqp79defcg1u.epk_dec,,Não Checado,UBW,,,,,,
Dia 12: Reunião estratégica / Existe uma forma de quebrar o impasse?,70cus8vbj0ighejsent6losbg6.epk_dec,,Não Checado,UBW,,,,,,
O sorriso da Rin / Assustador,5e9oghdj2e2aohv4ln0uqu5563.epk_dec,Cão,Revisado,UBW,,,,,,
A melancolia da Rin / Sério,427jvc8q7stm638g7iu7pars56.epk_dec,Cão,Revisado,UBW,,,,,,
O sorriso da Rin / Meio fofo,50cfuk6tsa3clojfi23jppd5g3.epk_dec,Cão,Revisado,UBW,,,,,,
Tiger Dojo 21,3uqbpgeii0so3djoc2s7op2k6l.epk_dec,PH,Revisado,UBW,sophia,@Cão tem uma imagem pra deixar em PT-BR aqui,,,,
Tiger Dojo 22,5ig1jr0lcev6ikafslrcbdh526.epk_dec,,Não Checado,UBW,sophia,,,,,
Castelo Einzbern - pôr do sol / Proposta do Lancer,59qprnoaa1sgb8b2aslss08ihi.epk_dec,,Não Checado,UBW,,,,,,
Determinação / Morte da Illya.,58d6tm47kvkeqf8btu9cien6pr.epk_dec,,Não Checado,UBW,sophia,,,,,
Oferta de lutar juntos / Consentimento,01i04gc7j18gh8j2vhjfli45sa.epk_dec,,Não Checado,UBW,sophia,,,,,
Oferta de lutar juntos / Lady Rin corada,0adkjcq597taj8hqkpdu8m2tvc.epk_dec,,Não Checado,UBW,sophja,,,,,
Oferta de lutar juntos / Recusar,72mo1j0k3qu565r0d4ku5sj97s.epk_dec,,Não Checado,UBW,sophia,,,,,
Interlúdio / Princesa Medea,305nh1kulis4kkpjrmdg42s73s.epk_dec,,Não Checado,UBW,,,,,,
"Dia 13: Acordando ~ Para a floresta / Floresta de inverno, demônio muito irritado",5r57ftil4di1im5njkm8jle388.epk_dec,,Não Checado,UBW,,,,,,
Determinação / Distorção (IV),2mst8dfcdrchncq17lij2n8d84.epk_dec,,Não Checado,UBW,,,,,,
Interlúdio / Floresta de inverno,3gu68h4uq8kit4020jf9b5p6lt.epk_dec,,Não Checado,UBW,,,,,,
Castelo Einzbern / Titereiro,5qiv422iaagja77gco7kl83d2g.epk_dec,,Não Checado,UBW,,,,,,
Castelo Einzbern / Você é distorcido,1snqhh5a3u219vu4k6cdnu9hqs.epk_dec,,Não Checado,UBW,,,,,,
Dia 13: Noite ~ Para a igreja / Uma conclusão.,36n2hvmdhte163ptqc19erd2gn.epk_dec,,Não Checado,UBW,sophia,,,,,
Dia 13: Noite ~ Para a igreja / Além da noite,3d7hdtmj6bcrs1kbejkgpbmf3s.epk_dec,,Não Checado,UBW,,,,,,
Dia 13: Infiltrando no Castelo Einzbern,7gg30dlldi7j0iauc0k39hi43s.epk_dec,,Não Checado,UBW,,,,,,
Dia 13: Castelo Einzbern / Gilgamesh VS Berserker,79dvln66lfo1g1g4529shi3umf.epk_dec,,Não Checado,UBW,,,,,,
Tiger Dojo 23,11rlccsef040rovdelk4naua75.epk_dec,PH,Revisado,UBW,sophia,,,,,
Dia 14: Alvorada ~ Igreja / A batalha começa,7agfsotifvcanl5ugidmvt42cn.epk_dec,,Não Checado,UBW,,,,,,
Dia 14: Templo subterrâneo da igreja / Confronto,56jvgcdpbs47q3h7v19d3tjps1.epk_dec,,Não Checado,UBW,,,,,,
"Interlúdio / Lança infalível, escudo impenetrável",3abbhn509m1jpgbputkhnqab23.epk_dec,,Não Checado,UBW,,,,,,
Confronto / O esquema excêntrico da Rin,3u3spof0u8lt2l93joegsnavt8.epk_dec,,Não Checado,UBW,,,,,,
"Showdown, conclusão / Decisão",1qh3hjj4g0173ornthn4jn4jd3.epk_dec,,Não Checado,UBW,,,,,,
Decisão / Ideais.,23i1qvp1e5h9t6j1civgirob5s.epk_dec,,Não Checado,UBW,,,,,,
Decisão / Princípios.,7dtta1a6k1l0k76237n90n3jj7.epk_dec,,Não Checado,UBW,,,,,,
Dia 14: Templo subterrâneo da igreja / Reality Marble,2i191qur11hf53rnudifsff5v2.epk_dec,,Não Checado,UBW,,,,,,
Dia 14: ~ Saindo da igreja / Retorno,5k5i18d75ovngot6bsn9hl9t5e.epk_dec,,Não Checado,UBW,,,,,,
Interlúdio: Princesa cativa,3o78km1k3c069985502ei7r1hf.epk_dec,,Não Checado,UBW,,,,,,
Dia 14: Noite profunda ~ / Para o campo de execução,2ejqt78m8m9n1s74snni2kvos8.epk_dec,,Não Checado,UBW,,,,,,
Interlúdio / Original & Fake,777fnsc9jl6pa3eoupr4ivj2gb.epk_dec,,Não Checado,UBW,,,,,,
"Dia 15: ~ Retorno, noite / Antes da batalha final",0qkeu0ns110upe3hppuuv0kutj.epk_dec,Cão,Revisado,UBW,,,,,,
Dia 15: Alvorada ~ Castelo Einzbern / VS,0ee5tno5ogrqvs2dkjc827s92a.epk_dec,,Não Checado,UBW,sophia,,,,,
Interlúdio / Fim de um herói,5dbgaiais93siqgf69fqd6r7ev.epk_dec,,Não Checado,UBW,,,,,,
Conclusão / Resposta,7f3961dcdejhpg7nt9jq6fsd0g.epk_dec,,Não Checado,UBW,,,,,,
Castelo Einzbern / O inimigo a derrotar,3fcjrufh261iedssd1ej06bj21.epk_dec,,Não Checado,UBW,,,,,,
Interlúdio / Santo Graal contraditório,4veimff2jkfss98ltceuvbbp9b.epk_dec,,Não Checado,UBW,,,,,,
Última ação / Consultar Rin,6vvsmtim3tij9oqvm5n0r9o7eb.epk_dec,,Não Checado,UBW,,,,,,
Última ação / Chá com Saber,71ah69t5q9u1ouic8cdvr8v24i.epk_dec,,Não Checado,UBW,,,,,,
Última ação / Pensar de novo,28h1l2qusq30kbf0m01oqa1h4b.epk_dec,,Não Checado,UBW,,,,,,
Dia 15: Noite / Memórias do mar,48jlj04fc22h26fkinv2nad3bh.epk_dec,,Não Checado,UBW,,,,,,
Dia 16: Antes da alvorada / Para o Templo Ryudou,68bdug48gqb72o8518kacehr3i.epk_dec,Cão,Revisado,UBW,,,,,,
"Interlúdio: / Ganryu, Nameless",211na0rdkgdbt0esurso60sq6m.epk_dec,PH,Não Checado,UBW,,,,,,
"Confronto / Presente ""Embryo""",1urimna1v23ipif1hg5db6p0fp.epk_dec,,Não Checado,UBW,,,,,,
Batalha final / Sobrecarga de circuito,72ho3qeii238u1g62d6e16f9l5.epk_dec,,Não Checado,UBW,,,,,,
Batalha final / A beleza da natureza,3dp7eomdvnl0gtvelanjjkvr4h.epk_dec,,Não Checado,UBW,,,,,,
Batalha final / Unlimited Blade Works,5k6e62l7i20k2v8c0fhien5fo0.epk_dec,,Não Checado,UBW,,,,,,
Interlúdio / Colapso do Santo Graal,3d8sjoi96fdd6on95mb3pjl64j.epk_dec,,Não Checado,UBW,,,,,,
Interlúdio / Um novo desejo,4ifuuak017a57g2f10p427k96i.epk_dec,,Não Checado,UBW,sophia,,,,,
Interlúdio / Fim de um dream,1vru2r5t1vcp7fdpa3jss923ra.epk_dec,,Não Checado,UBW,sophia,,,,,
Conclusão / Último voo,2a4jgn333qk4f0cuahs68blhom.epk_dec,Cão,Revisado,UBW,sophia,,,,,
Dia 16: Circuito circular / Heaven's fall,1kr2a0q3fo1967mgmj9dsvco91.epk_dec,,Não Checado,UBW,sophia,,,,,
Alvorada / Fique longe,3hpillf8gho6iv0utrbvb80amd.epk_dec,,Não Checado,UBW,sophia,,,,,
Tiger dojo 24,2dkbkcdpr1g1lnslpaipogknk9.epk_dec,,Não Checado,UBW,sophia,,,,,
Unlimited Blade Works / True End,43cef98u5qha6bghl4ngt9cnjo.epk_dec,,Não Checado,UBW,sophia,,,,,
Epílogo 2 / True End,0r39e707onr3tbr1r5kgln9qqa.epk_dec,,Não Checado,UBW,,,,,,
Unlimited Blade Works / Good End,3qog5vuaf5aqcs1bbv07fuvssj.epk_dec,,Não Checado,UBW,sophia,,,,,
Dia 4: Manhã / Rin parte,0rdtelfo10si7oi4d5dr7plhu8.epk_dec,,Não Checado,HF,,,,,,
Dia 4: Dojo ~ Igreja / Origens da Guerra do Santo Graal,5flt0gvl4fj41vgh53teovk7mt.epk_dec,,Não Checado,HF,,,,,,
Dia 4: Noite - patrulha / Decisão,0ojbougrde93bjakoac1g8317u.epk_dec,,Não Checado,HF,,,,,,
Ação / Para Miyama,0ioefmlh80mgjrj9emrk2ta1u3.epk_dec,,Não Checado,HF,,,,,,
Ação / Para Shinto,5p6ptj24d1edp1224oucgdb57u.epk_dec,,Não Checado,HF,,,,,,
Dia 4: Tarde da noite - parque / Herdeiro dos Makiri ~ VS Rider,0btnfc90vh09jefiau57d0ffui.epk_dec,Cão,Revisado,HF,,,,,,
"Dia 4: Fora da igreja / Vontade de lutar, espada de combate",2iea6jkms0t7qdppi9k889l5pf.epk_dec,,Não Checado,HF,,,,,,
Dia 4: Entardecer ~ Jantar / Intruso,35l2ovh49p2r4ervmc664rc46l.epk_dec,,Não Checado,HF,,,,,,
Dia 4: Tarde da noite - igreja / Respostas são encontradas apenas no desfecho,3jtan8gljsnoebqluojm8bnkqo.epk_dec,,Não Checado,HF,,,,,,
Dia 4: Manhã - dojo / Saber explica as regras,0040nctdg417cj62m3mtmlufoc.epk_dec,,Não Checado,HF,,,,,,
Dia 4: Manhã / Uma proposta da Rin,1t1ggifpiruadaje8dsmm7fgui.epk_dec,,Não Checado,HF,,,,,,
Dia 5: Trajeto escolar ~ Escola / Pronto?,0q714ijjalbgt080kvbggk3d4r.epk_dec,,Não Checado,HF,,,,,,
Vá! / Sobre a Sakura,4lnk870gfj0djidurmf9tforkr.epk_dec,,Não Checado,HF,,,,,,
Vá / Sobre o Shinji,6hsrgkbbskcmcq9etrtmicpria.epk_dec,,Não Checado,HF,,,,,,
Não! / Maldição caprichada. O demônio está muito irritado.,2s2q8lnv2l5b136f543l244pth.epk_dec,,Não Checado,HF,,,,,,
Dia 5: Intervalo de almoço - Telhado / Consultando a Rin / Condições para uma trégua?,7qa2vl7df3ghhh30qb5clpvm62.epk_dec,Cão,Revisado,HF,,,,,,
Dia 5: Após a escola - Distrito comercial / Filha do inverno ~ Illya (I),5btidl0or40etju0m7fo4ugcne.epk_dec,,Não Checado,HF,,,,,,
Resposta / Uma reação estranha,0rsmulhmoutbl79l1v506r3oad.epk_dec,,Não Checado,HF,,,,,,
Resposta / Fico feliz em ouvir isso.,1tp4g44tdbef67fi4okb4b7olb.epk_dec,,Não Checado,HF,,,,,,
Dia 5: Final da tarde - parque / Assassinato inocente,6gb15nuqn3qf9kuch67fjdsdga.epk_dec,,Não Checado,HF,,,,,,
Dia 5: Retorno - antes do jantar / Quem contará para a Sakura?,48pkv5ek1io9ra4p0vqg7uf1mp.epk_dec,,Não Checado,HF,,,,,,
Pedido / Fuji-nee,6qq819atqtffke074po9lli8nr.epk_dec,,Não Checado,HF,,,,,,
Ação / Eu mesmo,190nn87780j2n9kem4mn6kstb7.epk_dec,,Não Checado,HF,,,,,,
Interlúdio / Malak al-Maut,1vj99m7rc4km71udoihkump5o2.epk_dec,,Não Checado,HF,,,,,,
Dia 5: Após o jantar / Ver como a Sakura está?,58s6bu93loo3ol1ets9qtfj5v9.epk_dec,,Não Checado,HF,,,,,,
"Dia 5: Vestiário / Remédio para resfriado, cápsula A",3amr55hi4692dci3o2tsg20nfd.epk_dec,,Não Checado,HF,,,,,,
"Dia 5: Sala de estar / Remédio para resfriado, cápsula C",4pgp4cg0osvd9oha6tmfs40dco.epk_dec,,Não Checado,HF,,,,,,
Dia 5: Tarde da noite ~ Patrulha / Para o Templo Ryudou,2vap8d9l1gmo6sdds9lldkp22a.epk_dec,,Não Checado,HF,,,,,,
Dia 5: Sono / Ilha Sem Forma,17qqot6jvjoghh8dr2qbl2h590.epk_dec,,Não Checado,HF,,,,,,
"Dia 5: Manhã, acordando / Uma manhã típica?",3i4ml1f6i76el11kik9q7u899i.epk_dec,,Não Checado,HF,,,,,,
Dia 5: Café da manhã / A selvageria do Shinji,0j33dlpai798pek1g75vg7m9pg.epk_dec,,Não Checado,HF,,,,,,
Dia 5: Tarde da noite - Terrenos do Templo Ryudou / VS Caster,657evlfl94r7m8eicfhk2okubt.epk_dec,,Não Checado,HF,,,,,,
Interlúdio / Desastre,60hmdjfpuiu8r4mlmteibqrkm5.epk_dec,,Não Checado,HF,,,,,,
Dia 6: Acordando ~ manhã / Enfermeira Sakura,1nlgtum27fp9ce1n2nm3r2t1k0.epk_dec,,Não Checado,HF,,,,,,
Dia 6: Enfermeira Sakura / Pergunta ingênua,1eivot4m3t6tr2d17ts6civf8v.epk_dec,,Não Checado,HF,,,,,,
Dia 6: Volta para casa ~ Porta da frente / Grande Encrenca,1kk68ptqkbmeduam44gqgunops.epk_dec,,Não Checado,HF,,,,,,
Resposta / Sorriso frio,0i00b6v5c7uplhudh70o4m1ms2.epk_dec,,Não Checado,HF,,,,,,
Resposta / Sakura amarga,3j8s2d2hag8n6quv8fjk0u841t.epk_dec,,Não Checado,HF,,,,,,
Dia 6: Após o almoço / Decisão,5vu3lp1do485evp43m8td6sr91.epk_dec,,Não Checado,HF,,,,,,
Verificação.,2te9fv0n1eg8ulatqrb8lpm9lj.epk_dec,,Não Checado,HF,,,,,,
Dia 6: Após o almoço - sala de estar / Saber é implacável!,1d3b2b1cbd6dcpk2s8ojsjr4th.epk_dec,,Não Checado,HF,,,,,,
Dia 6: Após o almoço - sala de estar / Momentos tranquilos após o almoço,0ujlpq5qhsh9cqccpsj6n5v1eu.epk_dec,,Não Checado,HF,,,,,,
Dia 6: Parque / Castelo de inverno (II),78i4hgj8lsidk1r4ta0c348enr.epk_dec,,Não Checado,HF,,,,,,
Dia 6: Parque / Filha do inverno ~ Illya (I),2tra3q0t1f215ajl9arfnov11o.epk_dec,,Não Checado,HF,,,,,,
Interlúdio / Morte de um herói,2tra3q0t1f215ajl9arfnov11o.epk_dec,,Não Checado,HF,,,,,,
Dia 6: Noite - patrulha / Shinto,6tccr138tocd5m605mlh24gh5o.epk_dec,,Não Checado,HF,,,,,,
Dia 6: Noite - patrulha / Miyama,6lh2u9345e9j0apid8nud8mpcp.epk_dec,,Não Checado,HF,,,,,,
Dia 6: Sono / Fim de um dia,4u606ddv79ldop644nbn0usvlj.epk_dec,,Não Checado,HF,,,,,,
Dia 6: Entardecer / Shinji Matou,3f5i5v1gv9jl6bkejlucdj6lj6.epk_dec,,Não Checado,HF,,,,,,
Ação / Explosão emocional,5nb4dmn5boopochs7t5175m012.epk_dec,,Não Checado,HF,,,,,,
Ação / Contenção,333n8n7hoeeci6o1972cgjacpn.epk_dec,,Não Checado,HF,,,,,,
Dia 6: ~ Noite / Sakura desmaiou ~ Plano de hoje à noite,371bgdemk51ngpqtjlcacm2rn3.epk_dec,,Não Checado,HF,,,,,,
Dia 6: Noite ~ Sono / Sakura Matou (III),4oetckidpnf96qtd21n7hpmcg1.epk_dec,,Não Checado,HF,,,,,,
Dia 7: Antes do quinto período - escadas / Nós dois,2hq04rjgi56a8vqrtpu4i6hcne.epk_dec,,Não Checado,HF,,,,,,
Dia 7: Trajeto escolar ~ Intervalo / Intervalo,14r96vj0kuae2gdptottnmockc.epk_dec,,Não Checado,HF,,,,,,
Dia 7: Após a escola ~ Restaurante chinês / Mapo maravilhoso,26upuqdbjvvo5t77t4kmlf6ore.epk_dec,,Não Checado,HF,,,,,,
Checagem,5be5se4laesfn3tmrghrl6f680.epk_dec,,Não Checado,HF,,,,,,
Dia 7: Tarde / O caminho de casa,39qaumcnagksedrs6pinjbm3b6.epk_dec,,Não Checado,HF,,,,,,
Tiger Dojo 25,69asscu3h8m7pf01qbjvqlo2pj.epk_dec,,Não Checado,HF,,,,,,
Dia 7: Caminho de casa - interseção / Encontro,7skffhgnjjkvumqil0hsooo5sr.epk_dec,,Não Checado,HF,,,,,,
Decisão / Saudade de casa ~ Illya (III),7uiv3ao05ma4o6ljmvsn7ksb6f.epk_dec,,Não Checado,HF,,,,,,
Decisão / Cinema ~ Illya (III),1qb2ivq7nkdm4lec8prgv6u4t3.epk_dec,,Não Checado,HF,,,,,,
Decisão / Erro,7u1maeop98mk41tppl34of0ri4.epk_dec,,Não Checado,HF,,,,,,
Dia 7: Retorno - sala / Tentação,21177o8gnvptkdceh8d2vmqin8.epk_dec,,Não Checado,HF,,,,,,
Dia 7: Noite profunda - parque / Randomizador de balanço de guerra,3ebb9867shi2vv2a57mjih7aom.epk_dec,,Não Checado,HF,,,,,,
Dia 7: Mar profundo,7r9hnul2801kh8s96p40m9l50e.epk_dec,,Não Checado,HF,,,,,,
Dia 7: Sobrevivência ~ Retorno / Ruptura entre os dois,5mdsoeuaka19hb4eo623tfliuu.epk_dec,,Não Checado,HF,,,,,,
Dia 7: Levantando ~ Café da manhã / Conto de sumô de nuvem passageira,2upu2knnqoedd9hkt12mvi3fa7.epk_dec,,Não Checado,HF,,,,,,
Dia 7: Após o café da manhã / Almoço caseiro da Sakura,55osv6t0b0o42heso6i7l8uvro.epk_dec,,Não Checado,HF,,,,,,
Dia 7: Intervalo de almoço - telhado / Rin Tohsaka (II),38d747n1v9md9san4okpa441om.epk_dec,,Não Checado,HF,,,,,,
Interlúdio / Contrato renovado,7393nvt0bv3n0bi2g5400nm1iu.epk_dec,,Não Checado,HF,,,,,,
Dia 7: Retorno - sala / Tentação (noite),3qg5vgruavgo2qpiccsip4ju5m.epk_dec,,Não Checado,HF,,,,,,
Dia 7: Treino de espada ~ Sala / Primeiros socorros da Sakura,65lk95ulj5vq386gkbi20gj34g.epk_dec,,Não Checado,HF,,,,,,
Interlúdio / Rampancy,65lk95ulj5vq386gkbi20gj34g.epk_dec,,Não Checado,HF,,,,,,
Dia 8: Saindo da escola / Cidade do crepúsculo,4k6s5c7qutvras0fd717bs0fdu.epk_dec,,Não Checado,HF,,,,,,
Dia 8: Volta para casa ~ Residência Emiya / Batalha pelo Santo Graal,2hlp0ce7h57in5cn7p651ck0cl.epk_dec,,Não Checado,HF,,,,,,
Dia 8: Patrulha noturna / Decisão,5m16lhp5ct4lpe61qk22ua9ok5.epk_dec,,Não Checado,HF,,,,,,
Escolha / Templo Ryudou,7bfvr8rprct9d3th14a6vm17hj.epk_dec,,Não Checado,HF,,,,,,
Escolha / Bronca,1rtni1fdr03gp6h2ugi23upij3.epk_dec,,Não Checado,HF,,,,,,
Dia 8: Tarde da noite - Santuário do Templo Ryudou / Batalha do Templo Ryudou.,4abd7u2iub8bmnjsp8ssn3ppgb.epk_dec,,Não Checado,HF,,,,,,
Escolha / Confiança trágica,3o6vtqjnpjme0n3j7i564s0fov.epk_dec,,Não Checado,HF,,,,,,
Escolha / Morrer juntos,5rd4g5k6dns9o4vkgt4k42va4c.epk_dec,,Não Checado,HF,,,,,,
Escolha / Usar um Selo de Comando,4ue244sh7nc5fcgamopnp62ld2.epk_dec,,Não Checado,HF,,,,,,
Batalha do Templo Ryudou / True Assassin VS Rider,4n07k2teu6bai281c8brs96og2.epk_dec,,Não Checado,HF,,,,,,
Dia 8: Acordando ~ Manhã / A repreensão da Sakura,10qrmeuvgbrt10i8hq5qqou7kk.epk_dec,,Não Checado,HF,,,,,,
Dia 8: Manhã / Desafiando a Sombra,4ibnqqm29tkndeg6pfr1ksbtb4.epk_dec,,Não Checado,HF,,,,,,
Dia 8: Escola / Precognição,2dg9ukt9kpsl4ocfpfj03tit27.epk_dec,,Não Checado,HF,,,,,,
Dia 8: Telhado / O conselho da Rin,03s53lm2filng5qtcuajnpocd6.epk_dec,,Não Checado,HF,,,,,,
Interlúdio / Verdade,7ca88qalr6rr5p325ibd4jlb0s.epk_dec,,Não Checado,HF,,,,,,
Dia 8: Jantar / Dia pacífico,482kebn28ei8loj4pa4s2megcu.epk_dec,,Não Checado,HF,,,,,,
Dia 8: Tarde da noite - Templo Ryudou / Assassin ataca,764to7edsvkgfqmpb3mktl6kqp.epk_dec,,Não Checado,HF,,,,,,
Interlúdio / O último espadachim,61fa8uecmr0akk8l0pjkq0f56d.epk_dec,,Não Checado,HF,,,,,,
Dia 8: Tarde da noite - Templo Ryudou / Despedida e juramento,11bblbeg7r8smfev5j5g7f2msp.epk_dec,,Não Checado,HF,,,,,,
Dia 8: Volta para casa ~ Sono / O que foi perdido,771feun6sve3133vfcj65vtqdl.epk_dec,,Não Checado,HF,,,,,,
Interlúdio / Crisálida,2stgo5voaibgejt0fo4ud9fh77.epk_dec,,Não Checado,HF,,,,,,
Interlúdio / Relatório,1qq591f2i78vmi1omr747tlihv.epk_dec,,Não Checado,HF,,,,,,
Tiger Dojo 26,4qbaik3vvqp3st3482fpu1232m.epk_dec,,Não Checado,HF,,,,,,
Tiger Dojo 27,2t300urcm5dftpr8p1ke5gnthc.epk_dec,,Não Checado,HF,,,,,,
Dia 9: Escola ~ Telhado / Relatando para a Rin,7gnbuid19ebsfege69nj6hbdg8.epk_dec,,Não Checado,HF,,,,,,
Resposta / Insatisfeito,2r2duug8utk9jv1abcbvojqph5.epk_dec,,Não Checado,HF,,,,,,
Resposta / Correto,6obqjhihrkekibhra62sh2fll0.epk_dec,,Não Checado,HF,,,,,,
Resposta / Correto,6airt96grsilkhe3ptdso5f5di.epk_dec,,Não Checado,HF,,,,,,
Pergunta da Rin / Próximos passos,2i5nvq8ppr3bs1e9j57hf2724b.epk_dec,,Não Checado,HF,,,,,,
Dia 9: Tarde ~ Showdown / A tragédia de lutar sozinho,015guqcren9nfif0q9jhib85ap.epk_dec,,Não Checado,HF,,,,,,
Pergunta da Rin / Decisão,2276c6ig8t07d7mtqrcdi7rk7c.epk_dec,,Não Checado,HF,,,,,,
Resposta / Sim,0m2u7lt6idgfahlgm2d7296m4h.epk_dec,,Não Checado,HF,,,,,,
Resposta / Quem você pensa que é?,4k301md3ju9d0ub4306f16vcom.epk_dec,,Não Checado,HF,,,,,,
Q&A da Rin / Posso confiar que não vai me trair?,1sfiq9nk69qmrr8mj8l15lkglh.epk_dec,,Não Checado,HF,,,,,,
Resposta / Sim,46r8g052jnugnuev173i6m3p7i.epk_dec,,Não Checado,HF,,,,,,
Resposta / Quem você pensa que é?,0sbmljrtqqdc37h7n3v73q6f30.epk_dec,,Não Checado,HF,,,,,,
Q&A da Rin / Obediência absoluta?,3sqo56jl8c0jr49jcuoq942peu.epk_dec,,Não Checado,HF,,,,,,
Resposta / Deixe-me vencer.,46gsp0ea47dnh52etdlfp8q6sl.epk_dec,,Não Checado,HF,,,,,,
Resposta / Geass,010n3cpidaa39t5luesu2jd16q.epk_dec,,Não Checado,HF,,,,,,
Dia 9: Quarto da Rin ~ Tarde / Decisão.,5mkekn5di5k7158h8m1oepcmtg.epk_dec,,Não Checado,HF,,,,,,
Determinação / Rin está brava,2h9n5vg3m1rchjobg9odu2a40o.epk_dec,,Não Checado,HF,,,,,,
Determinação / Rin está definitivamente brava,2nmk99cu2l8bkh97jmeau5ogre.epk_dec,,Não Checado,HF,,,,,,
Dia 9: Retorno ~ Para a escola / Fim,7ljpmpo6048q4aijiodb3pb2f0.epk_dec,,Não Checado,HF,,,,,,
VS Rider / A verdade sobre a Sakura,3f9hrs3i4ro0uv7h9rtq1rso3a.epk_dec,,Não Checado,HF,,,,,,
Desfazendo os Olhos Místicos / Ajudar a Rin,7pseaoe2ii0eflpggi4u74dek7.epk_dec,,Não Checado,HF,,,,,,
Dia 9: VS Rider / Caixão de pedra,45h4dmbu7sgh3dj21tlbqtq9cn.epk_dec,,Não Checado,HF,,,,,,
Desfazendo os Olhos Místicos / Golpe direto,3bc96u1ibtoev7h6r9pqugrgnv.epk_dec,,Não Checado,HF,,,,,,
Dia 9: Fora da igreja ~ Parque - noite / O que eu devo proteger,22q8m992j02kgsvf29khfg15ab.epk_dec,,Não Checado,HF,,,,,,
Dia 9: Igreja - confrontando Rin / Posição definida,3u1qujdcqlr2pp93jvp660j7o9.epk_dec,,Não Checado,HF,,,,,,
Dia 9: Herói da justiça,17lvdn7u4h01a4pimnnjh8j6vh.epk_dec,,Não Checado,HF,,,,,,
Dia 9: Acordando ~ Manhã / Sakura desfalece,6bi74pp6uuqro109v9c83f8ogp.epk_dec,,Não Checado,HF,,,,,,
Dia 9: Saindo da escola ~ Casa Tohsaka / Fotografia,0vd4uup43kuvku79mon9khni92.epk_dec,,Não Checado,HF,,,,,,
Dia 9: Chuva,4rtun847k6ltcjbvk2vqf4p2rj.epk_dec,,Não Checado,HF,,,,,,
Dia 9: Retorno ~ Porta da frente / Irmãs (II),50rmj05aslkoemqdhn5no6uhiq.epk_dec,,Não Checado,HF,,,,,,
Dia 9: Noite profunda - meu quarto / Aço,03p397ug5j9a3isaph214c92ba.epk_dec,,Não Checado,HF,,,,,,
Dia 9: Quarto da Rin ~ Tarde ~ Retorno / Rin está brava,2lrpommnq1h38lsklrng2t2dnq.epk_dec,,Não Checado,HF,,,,,,
Dia 9: Escola / Irmão e irmã ~ VS Rider,4j863is1i30731dvjpi1cab859.epk_dec,,Não Checado,HF,,,,,,
Dia 9: Noite - igreja / Geass,44rrs1seqjghnkco0kt25a5hpg.epk_dec,,Não Checado,HF,,,,,,
Dia 9: ~ Igreja / Irmãs (I),0tkfu9bkaehutdojkqqi2gagti.epk_dec,,Não Checado,HF,,,,,,
Dia 9: Parque ~ Para a igreja / Correndo sob a chuva,64ub5eglh07avpeo23tlt613qs.epk_dec,,Não Checado,HF,,,,,,
Interlúdio / Uma mão amiga,1h9gouhf91imbf1dplkctq7d4e.epk_dec,,Não Checado,HF,,,,,,
Tiger Dojo 28,21vd6tt76vitr5j70rtefd5cli.epk_dec,,Não Checado,HF,,,,,,
Tiger Dojo 29,24br34cjqenb8spf9e5l01b3na.epk_dec,,Não Checado,HF,,,,,,
Tiger Dojo 30,24br34cjqenb8spf9e5l01b3na.epk_dec,,Não Checado,HF,,,,,,
Tiger Dojo 31,24br34cjqenb8spf9e5l01b3na.epk_dec,,Não Checado,HF,,,,,,
Dia 10: Café da manhã / Rider à mesa de jantar,6ggro7otc8kgrq5jjo4ccgv442.epk_dec,,Não Checado,HF,,,,,,
"Impressões / Sakura, cartão vermelho para a Rider",18v7i6tk22jnl6fchs7mg04cgk.epk_dec,,Não Checado,HF,,,,,,
Impressões / Rider fumegando,4l13pst9g9vackk1d2rehellpk.epk_dec,,Não Checado,HF,,,,,,
"Rider, café da manhã? / Não vou comer",6b3qrsk3d4ihm3rgng6pru7vkj.epk_dec,,Não Checado,HF,,,,,,
Dia 10: Após o café da manhã / Planos futuros,5mk3cott3k739tviekohg445dh.epk_dec,,Não Checado,HF,,,,,,
Interlúdio / Verdades ocultas,09m4g9qt115sb9hf5l9q72ang2.epk_dec,,Não Checado,HF,,,,,,
Dia 10: Acordando ~ Manhã / Manhã revigorante,3valvlmhedu7hqdcc8meapevda.epk_dec,,Não Checado,HF,,,,,,
Dia 10: Residência Emiya ~ Indo lá fora / Para a Floresta Einzbern,083pcmo48japqociktgurk6r66.epk_dec,,Não Checado,HF,,,,,,
Dia 10: Floresta Einzbern / Encontro com a Rin,1g5bm4fmd5j2ci85h06oqs438g.epk_dec,,Não Checado,HF,,,,,,
Floresta Einzbern / Para o local da explosão,007d3dc0pm30hejkpr3ib16mad.epk_dec,,Não Checado,HF,,,,,,
Dia 10: Floresta Einzbern...? / Mandala do Reino do Útero Amaldiçoado,4k1sjnki81pm53qdrn5j96df4t.epk_dec,,Não Checado,HF,,,,,,
Floresta Einzbern / Jogo de poder,0okt95q9h8heob1hd88f73ui68.epk_dec,,Não Checado,HF,,,,,,
Interlúdio / A sombra que devora o castelo,01jdjpd32hpq5t9jvmjjpli081.epk_dec,,Não Checado,HF,,,,,,
Floresta Einzbern / Distração,2g67ms0u4cvvfpskj99fsprqin.epk_dec,,Não Checado,HF,,,,,,
Floresta Einzbern / Sangue vertido,18cct7otrvbeamqr2vsuvj7hq0.epk_dec,,Não Checado,HF,,,,,,
Floresta Einzbern / Colapso do expurgo mundial,4k21nt4s0jvbr4skbndbst0b67.epk_dec,,Não Checado,HF,,,,,,
Dia 10: Saindo da igreja / Quem é o meu mestre?,6evgqibb11r2d0dd49hqqvudn5.epk_dec,,Não Checado,HF,,,,,,
Impressões / A Rin está corada,7gb0l1ao6efpoaoo7assr4fcnf.epk_dec,,Não Checado,HF,,,,,,
Impressões / A Illya está feliz,7r448cfq0eviuao6cbu9vr48er.epk_dec,,Não Checado,HF,,,,,,
Floresta Einzbern / Resgatando a Illya ~ Cavaleiro negro,3eure9bgqanssn1r3m5n8g9lji.epk_dec,,Não Checado,HF,,,,,,
Dia 10: Volta para casa ~ Porta da frente / Doce e picante,5586eco39ti71p48l6uffcj6is.epk_dec,,Não Checado,HF,,,,,,
Conversa / Segunda visita,5j10is2q4cqgjjk56boqaescrs.epk_dec,,Não Checado,HF,,,,,,
Conversa / Primeira visita,49utu7t5a822c5qit33kelm03h.epk_dec,,Não Checado,HF,,,,,,
Dia 10: Sono / Decisão.,3uoaa3cqls3aj3cdb8sol6ib0n.epk_dec,,Não Checado,HF,,,,,,
Escolha: Tirar,20khkagb5sbjpko01pcar2kjgh.epk_dec,,Não Checado,HF,,,,,,
Escolha: Não tirar,6lgkm19t5ne03moio7bp5vvvfs.epk_dec,,Não Checado,HF,,,,,,
Dia 10: Sono / A pergunta da Rider,5vmme2j8v0djnvs3rr5k6251uq.epk_dec,,Não Checado,HF,,,,,,
Interlúdio / Desejo sombrio,7h36hac9a90eb1ugvqebe206t7.epk_dec,,Não Checado,HF,,,,,,
Dia 10: Igreja / Fantasma artificial,2aq6cnkef94g8nsm04c2jd7d5s.epk_dec,,Não Checado,HF,,,,,,
Dia 10: Cruzamento ~ Volta para casa / Vírus de lâmina,7b7a3gheklfuqhh8rl4uom61t0.epk_dec,,Não Checado,HF,,,,,,
Interlúdio / Sakuralégio,7d0vi0t63oe9dakuk09l3tqi3t.epk_dec,,Não Checado,HF,,,,,,
Dia 10: Jantar / Irmãs (III),5uugi3u5dppot0a9ppmbio9tr5.epk_dec,,Não Checado,HF,,,,,,
Interlúdio / Pesadelo (I),6ing820gjn05ujphnlb7c9lioo.epk_dec,,Não Checado,HF,,,,,,
Tiger Dojo 32,4e8109hgt7he03qjragk73c7bd.epk_dec,,Não Checado,HF,,,,,,
Tiger Dojo 33,6nbht4042etc72oo32a3gq58s5.epk_dec,,Não Checado,HF,,,,,,
Dia 11: Tarde / Decisão,198d1gpadphmhc1ar13oeiedmv.epk_dec,,Não Checado,HF,,,,,,
Ação / Rin e Illya,66k34tv17qd8ov7876qq67oqgf.epk_dec,,Não Checado,HF,,,,,,
Ação / Garota fofa,239j1to7tn5valvnsbo3n1o1cu.epk_dec,,Não Checado,HF,,,,,,
Ação / Seriedade,7t2nb929haetn5mtme0mh88903.epk_dec,,Não Checado,HF,,,,,,
Dia 11: Cuidando da Sakura / Crepúsculo distante (I),3kcq86b9sjtuk9ua6csc20e9k3.epk_dec,,Não Checado,HF,,,,,,
Dia 11: Acordando - meu quarto / O aviso da Illya,3fg19lem9n6kdp17onkmvgemp4.epk_dec,,Não Checado,HF,,,,,,
Dia 11: Café da manhã / Más notícias,1esjgos8tbhog0ruvcin2nknns.epk_dec,,Não Checado,HF,,,,,,
Dia 11: Após o café da manhã / Próximos passos,5nrsom8tspd7jos90kc3rj1eev.epk_dec,,Não Checado,HF,,,,,,
Dia 11: Manhã - dojo / Palestra de Magia (cirurgia bruta),5phv5ep7bavcpqpe11tdond95g.epk_dec,,Não Checado,HF,,,,,,
Dia 11: Preparando o almoço / Irmãs (IV),368drn74hk0prpgb22r62clrso.epk_dec,,Não Checado,HF,,,,,,
Interlúdio / Histeria,1v341hepfmp8o0h72ik8ms3i6v.epk_dec,,Não Checado,HF,,,,,,
"Dia 11: Jantar / Estranheza, presságio",765tgjtu4jd80iummhb5kg8pab.epk_dec,,Não Checado,HF,,,,,,
Dia 11: Noite - patrulha / Rin Tohsaka (III),2cege2jalaial67lcgt1d2bour.epk_dec,,Não Checado,HF,,,,,,
Dia 11: Volta para casa - meu quarto / Selo liberado ~ Prelúdio do colapso,3lluc1llfiqguld60q45af8ave.epk_dec,,Não Checado,HF,,,,,,
Dia 11: Noite - meu quarto / Rachadura,2hr7meblieqfrjd38qolv3l61o.epk_dec,,Não Checado,HF,,,,,,
Interlúdio / Pesadelo (II),63kkou554p04ll7d9tl8ua8cor.epk_dec,,Não Checado,HF,,,,,,
Dia 12: Manhã - dojo / Minha determinação,4b1i7mqgf6gch3brtosb4t3gih.epk_dec,,Não Checado,HF,,,,,,
Determinação / Tolo precioso,29e7hiuerhri0p1prvsr8t8okp.epk_dec,,Não Checado,HF,,,,,,
Determinação / O erro da indecisão,3fk238t17sap5055umc9ks7llq.epk_dec,,Não Checado,HF,,,,,,
Dia 12: Manhã - dojo / Início do treinamento,1d69ngd6i6ehfksg4qfea877ic.epk_dec,,Não Checado,HF,,,,,,
Dia 12: Acordando ~ manhã / Vazio,5hi0opnuq1h0t2jhur3lathm7c.epk_dec,,Não Checado,HF,,,,,,
Dia 12: Café da manhã / Illya faz o café da manhã,6otabb2pq47se279q5l48mbd0n.epk_dec,,Não Checado,HF,,,,,,
Interlúdio / Irmãs (V),7ep6ic2sffq37f26e9h4ddmka9.epk_dec,,Não Checado,HF,,,,,,
Dia 12: Meio-dia - dojo / Vazio,2gh39jrkegkr5d1i5hc41q9i54.epk_dec,,Não Checado,HF,,,,,,
Dia 12: Distrito comercial / Lorelei,2gq1db82cm882ohkjcql6slu78.epk_dec,,Não Checado,HF,,,,,,
Dia 12: Jantar ~ Noite / Memória perdida,38i3sekc8l863cpp627ba2ism1.epk_dec,,Não Checado,HF,,,,,,
Dia 12: Noite - patrulha / A sombra devoradora da cidade,2or0ngarkp1hmuftk96s6hfepd.epk_dec,,Não Checado,HF,,,,,,
Interlúdio / Xadrez,2dgm4tc1tkqlt8bu4qlo5du9u8.epk_dec,,Não Checado,HF,,,,,,
Dia 12: Volta para casa ~ Sono / Vácuo,0hr3flnoka74mlqs2emt2na0mb.epk_dec,,Não Checado,HF,,,,,,
Interlúdio / Pesadelo → Acordando,4rfc9i1487n25m6ddt4k5opghi.epk_dec,,Não Checado,HF,,,,,,
Dia 13: Manhã - meu quarto / Infiltração do Assassin,7mlbb7de1j44h6vgsc17318v1g.epk_dec,,Não Checado,HF,,,,,,
Dia 13: ~ Residência Matou / Confrontando Zouken ~ A verdadeira identidade da Sombra,5khjue0ip4njc9p0gqt6m0ej05.epk_dec,,Não Checado,HF,,,,,,
Dia 13: Almoço ~ Jantar / Show de horror,0rsedbb2nqc2q0jrfgds3ukgpi.epk_dec,,Não Checado,HF,,,,,,
Dia 13: Noite / Hora de decidir,3gd75i7c2ti18leicm44eglilq.epk_dec,,Não Checado,HF,,,,,,
Dia 13: Noite / Hora de decidir,5eeqocujdp6bv4bgkorjbh8dkm.epk_dec,,Não Checado,HF,,,,,,
Dia 13: Final feliz,6tiqad9lbu9r7n8f80oiain019.epk_dec,,Não Checado,HF,,,,,,
Dia 13: Noite / Ária bela,7pe5nmnnngrifsikm9jvbi698l.epk_dec,,Não Checado,HF,,,,,,
Dia 13: Volta para casa ~ Manhã / Sakura sumiu ~ Encontrada,4te38t1h4973kgv53pnv4ec1bi.epk_dec,,Não Checado,HF,,,,,,
Dia 13: Manhã / Cuidando da Sakura,596qc2vtm0jaoiojab80fg5p08.epk_dec,,Não Checado,HF,,,,,,
Dia 13: Manhã - sala de estar / Crepúsculo distante (II),7bjfaambhfkgmklnlpoarqmge7.epk_dec,,Não Checado,HF,,,,,,
Interlúdio / Miséria,4g635tk3fqk8dtoeua7apfa84v.epk_dec,,Não Checado,HF,,,,,,
Dia 13: Volta para casa - porta da frente / Presente,735nlbc5q5nh4spro517ai8bat.epk_dec,,Não Checado,HF,,,,,,
Dia 13: Tarde - quarto da Sakura / Quando a primavera chegar,41bepbevd861pilrdsa2knjiqr.epk_dec,,Não Checado,HF,,,,,,
Interlúdio / Sakura Matou (IV),4150alo9e7fi8i7eccb2911cv0.epk_dec,,Não Checado,HF,,,,,,
Tiger Dojo 34,0a5ke8hlsh37k6prc4qt8o06v1.epk_dec,,Não Checado,HF,,,,,,
Tiger Dojo 35,0a5ke8hlsh37k6prc4qt8o06v1.epk_dec,,Não Checado,HF,,,,,,
Dia 14: Acordando ~ Para a igreja / Tênue esperança,7pvmjs3jvkjq9eocq0d5pee2qo.epk_dec,,Não Checado,HF,,,,,,
Dia 14: Volta para casa ~ Busca ~ Para a residência Matou / Mistério do assassinato Matou,2ahi3cubthrr1larh11q53p9jp.epk_dec,,Não Checado,HF,,,,,,
Interlúdio / Tolo,2u6mdf40tm1sj72o40u71ocej0.epk_dec,,Não Checado,HF,,,,,,
Dia 14: Residência Matou - Quarto da Sakura / Decisão,310hgs9f8tjt3palhimk340mk0.epk_dec,,Não Checado,HF,,,,,,
Ação / Melhor,6ic0q25pf8rg4be77qkutp3c77.epk_dec,,Não Checado,HF,,,,,,
Ação / Pior,79pi7ap3c4mjdi8sa54qd5um63.epk_dec,,Não Checado,HF,,,,,,
Interlúdio / Sakuralégio ~ Irmãs (VI),244s0os0svgpueieu4ole06lkm.epk_dec,,Não Checado,HF,,,,,,
Interlúdio / Lixo,5gqp0o00m7memmif2cmf380v7b.epk_dec,,Não Checado,HF,,,,,,
Dia 14: Igreja / O que espreita no Santo Graal,0r39at0thilbasdg9343d66hk5.epk_dec,,Não Checado,HF,,,,,,
Interlúdio / Última peça,2s2hbeoujae7p94heq6lt0g3vd.epk_dec,,Não Checado,HF,,,,,,
Dia 14: Final,18lj7rn9tbshkpcljuq0u1knd1.epk_dec,,Não Checado,HF,,,,,,
Dia 15: Reprise do final,51s78prfmdgbnfe7sojkvkvd77.epk_dec,,Não Checado,HF,,,,,,
Dia 15: Igreja ~ Fora da igreja / Continuar a batalha. A ajuda do Kotomine,2adlbsr8ene6ic9t56nm6s1b1h.epk_dec,,Não Checado,HF,,,,,,
Dia 15: Fim mortal,7e77g3bthck54m5l8maq9hjlvu.epk_dec,,Não Checado,HF,,,,,,
Dia 15: Castelo Einzbern / Pena de morte,73cf6gos0g79j7dr6sl4497t0s.epk_dec,,Não Checado,HF,,,,,,
Castelo Einzbern / Illya encontrada,4kjilpovln0vqk50bkvl9sbs4e.epk_dec,,Não Checado,HF,,,,,,
Ação / Emoção,1tqi62ulr7bvj211ba5hm2gpv1.epk_dec,,Não Checado,HF,,,,,,
Ação / Emoção,256irc3oi5odd4aniupg1urrho.epk_dec,,Não Checado,HF,,,,,,
Ação / Emoção,1u3k1ma79eee3982f52vhn4ss5.epk_dec,,Não Checado,HF,,,,,,
Iniciando a fuga ~ Para a floresta / Epílogo,35h8caes22o3jb6qtc2vka33ee.epk_dec,,Não Checado,HF,,,,,,
Lutando na floresta - parte 1 / Sobrecarga,72gacskuutrq3vaefe32vlcglv.epk_dec,,Não Checado,HF,,,,,,
Lutando na floresta - parte 2 / Nine Bullet Revolver,6ulvus440bc5glfgev3psabfef.epk_dec,Cão,Revisado,HF,,,,,,
Dia 15: Floresta Einzbern / Morte de uma santa,05ha6pp4v607a4utl2lqstb97c.epk_dec,,Não Checado,HF,,,,,,
"Dia 15: Volta para casa ~ Sala de estar da residência Emiya / Verdade ~ Angra Mainyu, Anti-Herói",7ns1gmvb1trs4h65bdulvi1bia.epk_dec,,Não Checado,HF,,,,,,
Dia 15: Preparativos para a batalha final / Confronto com a Rider,2o8e4otop9grbag2mbsadqhq1l.epk_dec,,Não Checado,HF,,,,,,
Dia 15: Noite / Rider parte,5mpuje6iavaub8q0gump2bi82j.epk_dec,,Não Checado,HF,,,,,,
Dia 15: Noite / Rider parte,76prlma2la86l81b72aut6goep.epk_dec,,Não Checado,HF,,,,,,
Decisão / A pergunta da Rider,62812qk0040dihpubp6ega0t1l.epk_dec,,Não Checado,HF,,,,,,
Dia 15: Noite / Rider parte,7tt9kthh48esh5qb4d5tgnouta.epk_dec,,Não Checado,HF,,,,,,
Dia 15: Noite / Rider parte,2fe1a3rc2g783hoth6cma5d5ec.epk_dec,,Não Checado,HF,,,,,,
Dia 15: Preparativos para a batalha final / Táticas,3oa4s98j1o6rbsljpksnt7asmb.epk_dec,,Não Checado,HF,,,,,,
Dia 16: VS Saber / Sparks Liner High,7gu4j23fn1v2r3q68nl0nsgh9o.epk_dec,,Não Checado,HF,,,,,,
Dia 15: Para a floresta / Dupla,0fab8a07ivo87260lkv0gtifmp.epk_dec,,Não Checado,HF,,,,,,
Interlúdio / Ascensão das profundezas,1lc4tjm6g243fjnfrb28g38pv8.epk_dec,,Não Checado,HF,,,,,,
Dia 15: A sombra da Sakura / Separação,54uurpgs4i85arutmktnpjdc60.epk_dec,,Não Checado,HF,,,,,,
Dia 15: Noite - galpão / Registro do Graal Maior,094dsld8iairhd6ugabnj0i5fr.epk_dec,,Não Checado,HF,,,,,,
"Dia 15: Noite / Adeus, e obrigado",0l8i4p5661muad1vmh2aei49r3.epk_dec,,Não Checado,HF,,,,,,
Tiger Dojo 36,4g7ul9m9gr1kifcmic55f1v4un.epk_dec,,Não Checado,HF,,,,,,
Tiger Dojo 37,2s945mmdqo2sidivm27gint59e.epk_dec,,Não Checado,HF,,,,,,
Tiger Dojo 38,1sle1g10c9i2bqi6rfb5r7h2ef.epk_dec,,Não Checado,HF,,,,,,
Interlúdio / O fim de Zouken,5hl7pil247fde80u13f78vfhd7.epk_dec,,Não Checado,HF,,,,,,
VS Saber / Explosão,2iie4b8rqldv513aasin30iv8c.epk_dec,,Não Checado,HF,,,,,,
Dia Final: Caverna no meio do caminho / Misericórdia,69uo69jiqs51j5fljedqoj3ca6.epk_dec,,Não Checado,HF,,,,,,
"VS Saber / Explosão, fim",3pnuu4l078ams44sd25ph6vp92.epk_dec,,Não Checado,HF,,,,,,
VS Saber / Trem Maluco II,3uodnv8lt0k38gnd9idh3ldos9.epk_dec,,Não Checado,HF,,,,,,
Juramento/,72jok5geuos807o21bir1fsab0.epk_dec,,Não Checado,HF,,,,,,
...Vou te esquecer,100p64ggdf249mpeis2kmjdrij.epk_dec,,Não Checado,HF,,,,,,
Dia Final: Caverna / Femme Fatale,444bktcpj3jhgchhh6bagktsel.epk_dec,,Não Checado,HF,,,,,,
Conclusão / Para Angra Mainyu,1k04inbp93481i9f7cuckajnkt.epk_dec,,Não Checado,HF,,,,,,
Conclusão / Conclusão,74ruki82a9n4im8knjedcefrs9.epk_dec,,Não Checado,HF,,,,,,
Última Projeção,4nie54uolkcqik9o7mmnomhdet.epk_dec,,Não Checado,HF,,,,,,
Conclusão / Todo o Mal do Mundo,4sk4illkco29uqkil1hf98r9m2.epk_dec,Cão,Revisado,HF,,,,,,
Conclusão / Conclusão,7p3kv5htqln9dsmpinat83af1u.epk_dec,,Não Checado,HF,,,,,,
Conclusão / Fim de um milagre,2uafb8m8ca7ljie7nm3t130aql.epk_dec,,Não Checado,HF,,,,,,
Dia Final / Para a caverna subterrânea,4967b104glcntgnl597968p54b.epk_dec,,Não Checado,HF,,,,,,
Dia Final: Caverna central / O Servo mais forte,26i9ns0bilfcc2dqrl5h26b8oi.epk_dec,,Não Checado,HF,,,,,,
Interlúdio / O reino da rainha negra,0mfafubjq7mmk6tji4u50aujm8.epk_dec,,Não Checado,HF,,,,,,
Interlúdio / Espada de Joias Zelretch,6lsh60vbjgpv6864d22hhn9g8o.epk_dec,,Não Checado,HF,,,,,,
Interlúdio / Irmãs (VII),423vqf49mdl3nm6ldc66qm45i1.epk_dec,,Não Checado,HF,,,,,,
Conclusão / Para a caverna,077076v8rd17o0gcdhevv9cp84.epk_dec,,Não Checado,HF,,,,,,
Conclusão / Liberação,3hgpf86lm6uri4nuu6hdvaf5ef.epk_dec,,Não Checado,HF,,,,,,
Interlúdio / O fim de um desejo acalentado,7pq98ft69tad4eqj4ht1fqp6ms.epk_dec,,Não Checado,HF,,,,,,
Conclusão / Todo o bem desta vida,4c7bg91l7g5289tdct9gcmv02d.epk_dec,,Não Checado,HF,,,,,,
Tiger Dojo 39,0kgfqv7fet5m8h6o04u3tobto3.epk_dec,Cão,Revisando,HF,,,,,,
Tiger Dojo 40,374atji3uan986mvnddq3gcenf.epk_dec,Cão,Revisando,HF,,,,,,
Decisão,374atji3uan986mvnddq3gcenf.epk_dec,Cão,Revisando,HF,,,,,,
Heaven's Feel / Normal End,3tupv26rfea6h3pq245bdgk6mj.epk_dec,Cão,Revisando,HF,,,,,,
Heaven's Feel / True End,4q7e092jqnl0lqq89b74ee8aa6.epk_dec,,Não Checado,HF,,,,,,
Especial Tiger Dojo,6qfh9qh6b213duschvmc1kbh12.epk_dec,daiso / cão,Revisando,HF,,,,,,
Last Episode,0ld9fdptdcpka88uuhc2t0ioa1.epk_dec,Cão,Revisado,HF,,,,,,
Especial Tiger Dojo (sub),32k8vmbj48jvq0qvt1r4tmv9av.epk_dec,Cão,Revisado,HF,,,,,,